,mse,rmse,mae,mape
A,0.00597980755218084,0.07732921538578315,0.06612944926290168,0.06962326592373554
AAL,0.028764793512528083,0.16960186765636776,0.1419718322901286,0.17033501720482938
AAP,0.03328279834890754,0.18243573758698578,0.14541691217808,0.13701796131453634
AAPL,0.02646984244827518,0.1626955514089896,0.15259966620345855,0.1476081745281926
ABBV,0.010470905114528325,0.10232744067222792,0.08529003912839585,0.09156264125262994
ABT,0.013781082958018435,0.11739285735520043,0.10474983301534381,0.10104298280643355
ACN,0.07227844519447837,0.26884650861500575,0.2423066836370802,0.21740290561536194
ADBE,0.065031831618484,0.2550133949785462,0.2251482219162434,0.20015016579801528
ADI,0.07719362752059662,0.2778374120247247,0.2630237460933102,0.2461790699894986
ADM,0.004768438911738764,0.06905388411768569,0.05680912599647061,0.0668180220507252
ADP,0.01859689346859493,0.1363704273975664,0.12332007061667297,0.1229803728058439
ADSK,0.013408577861601836,0.11579541381938162,0.08808788274827996,0.09404816167089884
AEE,0.008916746908828389,0.09442852804543968,0.06759473412874731,0.0735121527540862
AEP,0.005641147316197604,0.07510757163027976,0.05330397920918882,0.05783602098021626
AES,0.008789621657603837,0.09375298212645738,0.07442169249838565,0.09911042382288361
AFL,0.010312929702253231,0.10155259574355169,0.0915996519107567,0.08951590906435136
AIG,0.03472656749252234,0.1863506573439502,0.16904635860535408,0.15727921300285055
AIZ,0.03689717370528664,0.19208637043082114,0.1502940631290318,0.13237305861008777
AJG,0.002592220111355616,0.05091384989720985,0.04508532504867401,0.04746034524408911
AKAM,0.057816374655685294,0.2404503579861866,0.22027453670763716,0.20190797367351201
ALB,0.00597201409609674,0.07727880754836179,0.06135668235905336,0.07337267553143396
ALGN,0.05322428311889095,0.230703886224075,0.1975507969126517,0.2009491200119005
ALK,0.16869533333507264,0.41072537459362385,0.3705689790276555,0.3190979830540857
ALL,0.006209607183921413,0.07880106080454383,0.070498612412047,0.0747782036713784
ALLE,0.07203328575335843,0.2683901744724617,0.2524599542611079,0.22710509918892835
AMAT,0.009298102394417586,0.09642666848137804,0.08138164447112868,0.11446090079769089
AMCR,0.0024163126465557598,0.04915600315887938,0.04316976593072758,0.04739443527911707
AMD,0.020775012534333635,0.14413539653511082,0.11740471423090927,0.1436210061999406
AME,0.014869462351599602,0.12194040491813861,0.10985229901142772,0.10937228707829758
AMGN,0.012071593544066226,0.10987080387467012,0.09444384002562918,0.0994311037965143
AMP,0.005542047357065104,0.07444492835019122,0.0659616484125529,0.07234988440058535
AMT,0.0022919002180594957,0.04787379469040966,0.03459659409358784,0.037023764167240784
AMZN,0.5227583690547395,0.7230203102643379,0.6311324514768593,0.3989869931625946
ANET,0.0322665110362583,0.17962881460461264,0.1494199186210703,0.17483725443170703
ANSS,0.037170328875938255,0.1927960810699695,0.18079061321231424,0.16833519013500556
AON,0.03158806054238235,0.17773030282532676,0.17003903433368958,0.16984013647588747
AOS,0.13923212915093053,0.3731382172210862,0.34910387465315146,0.2776479334235654
APA,0.007912853800884533,0.08895422306380138,0.07332001239916876,0.11385858873607892
APD,0.013918625644577045,0.11797722510966702,0.10989646089987541,0.11276311323132684
APH,0.02205661148985206,0.14851468442498222,0.14092333745964833,0.14088955527810793
APTV,0.05984150311433861,0.24462522992189217,0.22884026298111518,0.20492588333827194
ARE,0.020754332370136862,0.14406364000030286,0.13543259482355843,0.1396815485125989
ATO,0.025147328655184098,0.15857909274297194,0.11704174923231653,0.11189693679481194
AVB,0.029860304191118823,0.17280134314037845,0.14930591421892883,0.14952117938542758
AVGO,0.23551384295870956,0.48529768488908903,0.4584603887762606,0.3698448350072989
AVY,0.11545301584409054,0.3397837780767212,0.30849801209330824,0.26804162107009605
AWK,0.012468416863570017,0.11166206546347787,0.08198240455824392,0.07952131424254533
AXP,0.006451930635287178,0.08032391073203034,0.07523931921537828,0.0941093239110221
AZO,0.1002162875788286,0.3165695619904551,0.29252305310171145,0.2531457624767605
BA,0.0388131519627355,0.197010537694651,0.18851825392497232,0.17316078827537898
BAC,0.014628954259154382,0.120950213969031,0.09697458032141686,0.10253446599707426
BAX,0.0026288328273106265,0.051272144750445406,0.037597829894732884,0.03995477687002219
BBY,0.014460410787576736,0.12025144817247208,0.10341320460674441,0.11174043005410766
BDX,0.02866476331331622,0.16930671372782657,0.15192238950824075,0.15021451990576218
BEN,0.01421851145913984,0.11924139993785648,0.08980651401978419,0.1309036805027381
BIIB,0.03551885803505779,0.18846447419887333,0.1482300518200657,0.13909662375774243
BIO,0.07163942283193189,0.2676554180881304,0.25356836064115024,0.2197442127147008
BK,0.023733230143131685,0.15405593186609753,0.13954490056982397,0.13637592084362632
BKNG,0.05000057016563324,0.22360807267545874,0.20048601706075905,0.19259530729888172
BKR,0.020757107300060133,0.1440732705954166,0.13194770372953335,0.14736901153699775
BLK,0.012187738074163247,0.11039808908746222,0.09621208090132266,0.09786402636545369
BMY,0.05826020961204517,0.2413715178144372,0.2222505128582524,0.21164935834068588
BR,0.07849580914609432,0.28017103552311456,0.26871312029565203,0.23004126181104448
BSX,0.12278976529385717,0.35041370591610305,0.3355163713435778,0.27868612719333313
BWA,0.014743560958851067,0.12142306600827978,0.10686411246123177,0.12232095430588222
BXP,0.012016981718329479,0.10962199468322714,0.09583223310782804,0.10355707095199818
C,0.01929518200382795,0.13890709846450594,0.12521224843174078,0.1302892632352947
CAG,0.047353428674320054,0.2176084296949915,0.1891828470009822,0.1665001293824537
CAH,0.01807710295200014,0.13445111733265788,0.12580725815455784,0.1212069568500747
CAT,0.0020634041324726193,0.04542470839171804,0.035455073531173886,0.050174021813379654
CB,0.006734909867888969,0.08206649662248881,0.05891435998335293,0.05990486562080317
CBOE,0.025737843164914637,0.1604301815897328,0.1198504520960904,0.11994426206690581
CBRE,0.030494542430285133,0.1746268662900561,0.1603084939236409,0.15459304851849975
CCI,0.020820555739508997,0.14429329762504214,0.1341736796069792,0.13023667418651438
CCL,0.09318166703055682,0.3052567231537363,0.27453858549256677,0.251130029008038
CDNS,0.04867556890988421,0.22062540404469339,0.1917094802120961,0.1795868404924927
CDW,0.09359798612916848,0.3059378795264955,0.2708953405303736,0.24203044646631852
CE,0.03712988893659888,0.1926911750355965,0.16432782020077977,0.1521286163355374
CF,0.023035374933371117,0.15177409177251272,0.13371439496860002,0.1427379795020048
CFG,0.019122982275483712,0.1382858715685869,0.12425598172682563,0.12050582994775429
CHD,0.04087683293414462,0.20218019916437074,0.19146920873053813,0.1835047676779983
CHRW,0.0028270999978425677,0.05317048051167647,0.04487420438500069,0.05043875183213071
CHTR,0.054795322458840244,0.23408400726841688,0.22294598124330078,0.20616248745738322
CI,0.1928126046741996,0.4391043209468561,0.4146443440822971,0.3253353745349638
CINF,0.030552314641082268,0.1747922041770807,0.14547646109672377,0.13541305132005116
CL,0.00350504195802494,0.05920339481841341,0.0516373150014899,0.05346253582315282
CLX,0.043618942609414166,0.2088514845755571,0.1774077279980647,0.15986987790521354
CMA,0.01931138968003309,0.13896542620390545,0.12537773862455512,0.1303181623200375
CMCSA,0.019507401156088275,0.13966889831343368,0.12786435141996338,0.12446498562204728
CME,0.04039737724539594,0.2009909879705952,0.19107512639483784,0.1820393672207163
CMG,0.01157212831087856,0.1075738272577422,0.08257016778231668,0.09143841747811263
CMI,0.012689821246521822,0.1126491067275805,0.07943113911259823,0.11529094823780364
CMS,0.016406788624182104,0.1280889871307526,0.10551662599151715,0.10808086544163752
CNC,0.228607235801502,0.4781288903648283,0.4591253828564675,0.3780018689943049
CNP,0.004742833314079301,0.06886823153006981,0.06246560704592134,0.08125218358694077
COF,0.005983228613539751,0.07735133233202743,0.06263294969614863,0.06380320017067354
COO,0.010596827028135105,0.10294089094298293,0.08614470600037745,0.08725503921493155
COP,0.0073188605431567,0.08555033923460911,0.06386568861549591,0.0904237150699774
COST,0.03962574514624832,0.19906216402483,0.18015672824917764,0.16658219508039387
CPB,0.02772040107920378,0.1664944475927164,0.1424897730207558,0.13185454003951977
CPRT,0.015942985682288354,0.12626553639963817,0.11182998291475073,0.11409021446465104
CRM,0.095258983723634,0.30864054128327667,0.28225921909898755,0.24617136618329907
CSCO,0.035196607110286764,0.18760758809357037,0.17614174527580734,0.17629989282649247
CSX,0.007770525926218314,0.08815058664704571,0.06998657811303487,0.09350455707365607
CTAS,0.05693590738326289,0.2386124627576332,0.21959675310294863,0.20053242747347436
CTLT,0.03760066029582362,0.19390889689703156,0.17968979233528326,0.18062950673307748
CTSH,0.12179674668093628,0.34899390636648125,0.33420716394545574,0.2935668822475081
CVS,0.04076428625795432,0.20190167472795842,0.19471803521780254,0.18867417436731815
CVX,0.005434824595533098,0.07372126284548508,0.05390253093893334,0.07146409884131824
D,0.002535950490113249,0.05035822167345913,0.039257139659442775,0.04358804522484681
DAL,0.049734206279528625,0.22301167296697413,0.18464830147257077,0.19115677215042573
DD,0.029019740901147006,0.17035181508028321,0.14512252215451527,0.14924241955784642
DE,0.005142842914095511,0.0717136173546943,0.058271333035707515,0.058743268822426975
DFS,0.0021524226239020582,0.046394208947907044,0.03721149961510839,0.04467965927953146
DG,0.031364620773062395,0.17710059506693476,0.16710716388258848,0.1610255716142281
DGX,0.029099985275455893,0.17058717793391123,0.16266426522423727,0.1585781080017837
DHI,0.07835445473920877,0.2799186573617571,0.25333969093775577,0.22302527147581874
DHR,0.026077816960455698,0.1614862748361473,0.14133195729193274,0.13654119149904198
DIS,0.06002952672703403,0.24500923804427055,0.23078941793106927,0.1995596093571983
DLR,0.015286514034169843,0.1236386429647699,0.08328488531432884,0.08086968454566447
DLTR,0.07325555759582605,0.2706576390864039,0.2582576261411245,0.2398480164086415
DOV,0.002883045507559131,0.05369399880395509,0.04629395899832125,0.057269098568000436
DPZ,0.05223278403633247,0.2285449278289336,0.21557795777984318,0.202302750370937
DRI,0.10468149516049181,0.32354519801797677,0.3070533621104582,0.27255417467654824
DTE,0.003957103268736108,0.06290551063886302,0.04713426186382841,0.05160006471201102
DUK,0.0015759939734459232,0.03969879057913381,0.03309819575769332,0.03911253209459579
DVA,0.005658879789456326,0.07522552618264844,0.06386772054079277,0.06303504798894256
DVN,0.018677867160994302,0.13666699367804322,0.11563753713300329,0.17646605255336492
DXC,0.028971164381904863,0.1702091783127598,0.14901650724986448,0.14114428484954483
DXCM,0.39530737965364654,0.6287347450663487,0.576584508167184,0.4354694894993848
EA,0.4281289712880467,0.6543156511104153,0.620611441909569,0.4500088937459681
EBAY,0.052037541143729264,0.2281173845714729,0.20396336391804695,0.18448131510930796
ECL,0.022512770626158196,0.15004256271524488,0.13856954903119637,0.13692831158739652
ED,0.007275573126082171,0.08529697020458682,0.06403513582778936,0.06768799195910068
EFX,0.12660193688096394,0.3558116592819352,0.3320669370830106,0.27169283244837417
EIX,0.003493657237253446,0.059107167393248054,0.04606818600359767,0.05059995692226032
EL,0.03855963358763694,0.1963660703574753,0.18577054822797193,0.16799225177650587
EMN,0.0063467611526694615,0.07966656232491434,0.06814536794634105,0.07999128837315396
EMR,0.008029903676019553,0.08960972980664295,0.07150077042210605,0.09482394332824515
EOG,0.004419525273231656,0.06647951017593057,0.05739287650931472,0.0707797227909024
EQIX,0.1681678524042699,0.4100827384861132,0.3620451904739276,0.294156229096482
EQR,0.02645496038669452,0.1626498090582787,0.14174736173369634,0.1421388025261472
ES,0.007699960056444153,0.08774941627409355,0.06416272128522804,0.0692650038208264
ESS,0.033465219105230815,0.18293501333870127,0.16626531090148322,0.16460202081109132
ETN,0.007669692668528148,0.08757678156068621,0.07578559878237515,0.08252999418756031
ETR,0.0034070287227981094,0.05836975863234411,0.04737409827414321,0.059366664045978915
EVRG,0.015923089307125177,0.12618672397334507,0.08818497736074751,0.09106118455129364
EW,0.1092072394733378,0.3304651864770899,0.29906202461830156,0.27257947458921933
EXC,0.004837917670616484,0.06955514122346733,0.059854195489127564,0.0751321232353873
EXPD,0.028358967068032204,0.16840120862996263,0.15716401623206877,0.15164772363562898
EXPE,0.15990928563502035,0.39988659096676443,0.3560843046923618,0.27764316205552275
EXR,0.11872428368074071,0.3445639036241909,0.2949171756035602,0.24881787252189175
F,0.01386782187828608,0.117761716522332,0.1082921884984063,0.11205901401150296
FANG,0.10443527361985142,0.323164468374621,0.3050987035479583,0.2877187044049996
FAST,0.0014834949177754747,0.03851616436998205,0.030784460032419268,0.03672035223427643
FCX,0.01920361104407009,0.13857709422581385,0.10954229852454145,0.3570800321648232
FDX,0.0028112887002660954,0.05302158711568426,0.04495188608299663,0.050747166560893106
FE,0.0009179618763843517,0.03029788567514822,0.02505248616528114,0.030489710892303824
FFIV,0.003786074786267888,0.061531087965904584,0.05137722229468204,0.05913070347412602
FIS,0.03703815409428147,0.19245299190784607,0.17932620283133324,0.17223235251091662
FITB,0.019998308425030024,0.14141537549018504,0.1268962529227381,0.1282248139622036
FLS,0.006826798723591189,0.08262444386252285,0.06391363177558834,0.09526044452476468
FMC,0.022735227540036894,0.15078205310990062,0.128001856791157,0.17634169558851331
FRT,0.017654587085217187,0.13287056515728826,0.11119222775901137,0.11050678904051438
FTI,0.003794470607213491,0.06159927440492697,0.049149263595391665,0.08346356811975697
FTNT,0.19546668734541767,0.4421161468951543,0.40476026521052116,0.32332049387522144
GD,0.012709196297745404,0.11273507128549395,0.09704003768546642,0.09742948449130599
GE,0.0396190730562847,0.19904540450933475,0.16365783001338605,0.1514742389457543
GILD,0.031326270297264557,0.17699228880735046,0.15888236195249356,0.1670585859483637
GIS,0.019891163048515317,0.14103603457455585,0.12733826081218855,0.11908912637153116
GL,0.02075344377815055,0.14406055594141845,0.1308657533885711,0.12362320520835428
GLW,0.01168286360141453,0.10808729620734589,0.08927974928371522,0.09936355747878366
GM,0.029668252047240714,0.17224474461428632,0.1499360652735342,0.1514241225521492
GOOG,0.08533830484508269,0.29212720661568425,0.23075068513457622,0.19212368007212907
GOOGL,0.09749322435529147,0.3122390500166362,0.2508789459754254,0.20708916353392653
GPC,0.0015792798720009776,0.0397401544033359,0.03103787621245974,0.03759039310544115
GPN,0.20613102576802134,0.4540165479010884,0.3958834008269628,0.2914090824049287
GRMN,0.017860668682128465,0.1336438127341796,0.11890966567692823,0.17442886297528037
GS,0.013476174113403292,0.11608692481672211,0.10382600380181028,0.10293983892675176
GWW,0.0018324206286171485,0.0428067825071816,0.03361392821348527,0.04022600621562435
HAL,0.011899684936145894,0.10908567704399096,0.0943218947468716,0.12777227057570978
HAS,0.14405594579414768,0.3795470271180472,0.35589251761385804,0.28233348143737896
HBAN,0.035251819243908224,0.18775467835425094,0.17684411071245065,0.16717945498487577
HBI,0.03561521915144096,0.18871994900232716,0.17738947913212716,0.15967685773272758
HCA,0.04811465443941706,0.2193505286964612,0.1927190143877237,0.17977422878786378
HD,0.06878728923048628,0.26227331017563776,0.23845152560923932,0.2075530371954615
HES,0.005534141933282506,0.07439181361737665,0.05876014857386477,0.0871897118746671
HIG,0.04014093594589351,0.2003520300518403,0.17849695273739696,0.16644424881937997
HII,0.06955963962962675,0.2637416152783378,0.24195190294263144,0.22230192716477712
HLT,0.01655482198358585,0.12866554310920172,0.10961800404501608,0.10691957403034937
HOLX,0.20509723748199862,0.4528766250117118,0.42302979856851225,0.33068262908087237
HON,0.01384443562968046,0.11766237984028904,0.11046078317637853,0.10845915169106689
HPQ,0.010396202839560586,0.10196177146146779,0.08871153726293309,0.12537285551446245
HRL,0.08436057787680881,0.29044892472999245,0.23321859296985278,0.1898422893308523
HSIC,0.05169822459395384,0.227372435871092,0.2054040669993303,0.1972249793222998
HST,0.0196149484964651,0.14005337731188455,0.12205184623827578,0.16612330676871678
HSY,0.0020916669173846976,0.045734745187709286,0.0375153316967934,0.04365013913678663
HUM,0.10943405850845943,0.33080818990535804,0.31245279905956724,0.26092950499087025
IBM,0.004478550686293458,0.06692197461442287,0.05343099752006363,0.05398393266476143
ICE,0.03900280957066429,0.1974912898602475,0.17834564525427274,0.16531639200725967
IDXX,0.023463569977388757,0.15317822944984302,0.13054807270535887,0.1428282763576355
IEX,0.006307949599579165,0.07942260131460796,0.06806478486244756,0.0688935698285053
IFF,0.04116499363867071,0.20289158099504945,0.19174322754660478,0.17721118319873
ILMN,0.01521095714432431,0.1233327091420776,0.10435931911318608,0.10508160547406573
INCY,0.4825653568358822,0.694669242759374,0.6521510393470241,0.4775193187895248
INTC,0.007098846035478607,0.08425464993386779,0.06628791382892009,0.07624143206886383
INTU,0.034497871789860364,0.18573602717259882,0.1710084375160321,0.16236666407230996
IP,0.006655261229543708,0.08157978444163547,0.06917551137789427,0.08266905194228887
IPG,0.03156672490082696,0.1776702701659086,0.15305299863419386,0.14416104287407774
IPGP,0.09490588390569424,0.3080679858500299,0.2932286733506236,0.25179747795952606
IQV,0.05601265517958211,0.23666992876067316,0.22246880988062157,0.19054502970496678
IRM,0.0030515209218592125,0.055240573149264234,0.047359226558381845,0.05900986426834797
ISRG,0.008485126976391899,0.0921147489623236,0.07061805559022279,0.07201670794664537
IT,0.0181951414970983,0.13488936762064793,0.11924409035034318,0.11831496464858769
ITW,0.007181332679008992,0.08474274410832465,0.07309448638247978,0.0747153231867354
IVZ,0.005060948657332939,0.07114034479346398,0.06205221561226189,0.06714105231521175
J,0.011988305647418854,0.10949112131775277,0.09234251947246937,0.10698777854646226
JBHT,0.005430078839941739,0.07368906865975264,0.06187016336580364,0.06304110007120683
JCI,0.005683244703488104,0.07538729802485365,0.0608741366813172,0.07582279866891745
JKHY,0.06409495800221851,0.2531698204806776,0.22411448079362434,0.19515919261570683
JNJ,0.0014678078659681603,0.038311980710584,0.027621148702097434,0.0294934161114526
JNPR,0.1396399919934293,0.37368434807124223,0.34163077640875844,0.2838083040087541
JPM,0.03211660124061836,0.17921105222786446,0.16324567476346172,0.1547879576193126
K,0.015631115364941564,0.12502445906678247,0.09572379089167656,0.0937568448602466
KEY,0.022488169321569138,0.14996055921998003,0.14314247443545466,0.14154760236228395
KEYS,0.015237024178831533,0.12343834160758776,0.10945369169283317,0.11590617613663985
KIM,0.013267533030181737,0.11518477777111756,0.08964563897699582,0.09320292432001459
KLAC,0.023217933099666667,0.152374319029378,0.09812950474520246,0.10863164024366409
KMB,0.013806538337891743,0.11750122696334597,0.08083392774735348,0.07817096143909166
KMI,0.037432944643719566,0.19347595365760462,0.1423475243273251,0.26922128015893476
KMX,0.04203877455565306,0.20503359372467006,0.19455792482270323,0.20691223837316047
KO,0.004809838008370008,0.06935299566976187,0.046239030475240764,0.04760928152922813
KR,0.12236734846618497,0.3498104464794969,0.32931720514405205,0.2883831335060248
L,0.0012380261728270044,0.035185596098787415,0.03049149034985494,0.034126456476695356
LDOS,0.12354988609062527,0.35149663738167575,0.2848249871858366,0.25103327555690036
LEG,0.06334112441193253,0.2516766266698847,0.2386096679865179,0.23098575622161935
LEN,0.03663940594153499,0.19141422606884523,0.1796802205531331,0.1701119967036142
LH,0.039987006469966134,0.19996751353648956,0.18926557545040623,0.18384652997799195
LHX,0.04449676215564468,0.21094255653055094,0.1934282398470048,0.17508430562234523
LIN,0.0032605664178013455,0.05710136966659684,0.04158413272424369,0.05024060348416736
LKQ,0.020911039069110526,0.14460649732674713,0.12572430961178183,0.12592520558203615
LLY,0.07049113360367686,0.26550166403184156,0.23682682320645132,0.2068754859616399
LMT,0.033038509475627864,0.18176498418459994,0.15634625141774752,0.14430605109412192
LNC,0.015456129745100385,0.12432268395228759,0.11044543566486292,0.11479242169499253
LNT,0.0045837370071200355,0.06770330130148777,0.04888672945780901,0.05413951673183974
LOW,0.08170324956716793,0.28583780290081984,0.2683058000624537,0.2546727419280438
LRCX,0.016315281450407008,0.12773128610644696,0.1012134774440641,0.10137263399034646
LUMN,0.027107344247268406,0.16464308138293696,0.14363266437776245,0.20366898236678949
LUV,0.05369772480213685,0.23172769537139243,0.1925593107330798,0.19017969587506003
LVS,0.0031663609668294936,0.05627042710722475,0.04608600996883956,0.05707535920410216
LYB,0.07320642927903184,0.2705668665580319,0.25211074147415247,0.24946419288435287
LYV,0.012453987321654385,0.11159743420730776,0.09943414362314167,0.1023385721358475
MA,0.06415184468120098,0.25328214441843505,0.23366096438251052,0.21988570981665698
MAA,0.04228354557739323,0.20562963205091145,0.16246003707005144,0.15326869754714487
MAR,0.01195253189350138,0.1093276355433583,0.09839980713935652,0.10092430896492072
MAS,0.11160804247261472,0.3340778988089675,0.29797165840877166,0.253085171569149
MCD,0.04008676958460917,0.20021680644893217,0.1621310838983524,0.143194165620389
MCHP,0.031890459960833485,0.1785790020154483,0.16501323649526833,0.15891281183609662
MCK,0.010262783379631614,0.1013053965967836,0.08372996498129273,0.0821529445275498
MCO,0.015170148866096736,0.12316715822855026,0.11231257301795759,0.10798924884902208
MDLZ,0.05650489019311507,0.23770757285605157,0.20190879781308987,0.18167548417040422
MDT,0.027199246044614052,0.1649219392458567,0.15485598237514056,0.15135191986863547
MET,0.008901950608726719,0.09435014895974844,0.0789036279868778,0.08356360326527036
META,0.06828124843283656,0.2613068090058821,0.21430443397299517,0.18154882277480683
MGM,0.032304818969235184,0.17973541378714208,0.14618822408437301,0.15829721781115647
MHK,0.12145867200871442,0.34850921366402127,0.33070383164189765,0.2932738679269951
MKC,0.038408406055412514,0.1959806267349212,0.17324420973924345,0.15988860080593836
MKTX,0.24904273395744653,0.4990418158405631,0.46444794423055374,0.34909525270968766
MLM,0.14305671472464646,0.3782283896333622,0.35564213106049425,0.30296439708682704
MMC,0.012590018968017636,0.11220525374516845,0.10409111163661974,0.10658348255758435
MMM,0.011566652750802382,0.10754837400352635,0.09483065583185196,0.09964052441708873
MNST,0.14211971321173467,0.37698768310348635,0.35230986665911607,0.2955409530864373
MO,0.03729989499790621,0.19313180731797186,0.16307820841416923,0.15351753031785792
MOS,0.016631607409781854,0.1289635894730829,0.10509481006691654,0.14214639929776818
MPC,0.09480551490128425,0.30790504201991276,0.28995772144308146,0.2684067623528269
MRK,0.002217944660326889,0.047095059829316374,0.04054719145184685,0.04453093122369358
MS,0.007409603640630341,0.08607905459884153,0.07259555120422599,0.07743773197969663
MSCI,0.133212421961647,0.364982769403772,0.33801739914733364,0.28015149769280884
MSFT,0.020388272891431993,0.14278750957780584,0.10151267598621466,0.09732230904530258
MSI,0.010992464871524983,0.10484495634757536,0.08556402400500396,0.08542377316755152
MTB,0.013058970525178097,0.11427585276504436,0.10361678831291475,0.10572459416844583
MTD,0.06848616297078863,0.2616986109454703,0.24593458061007056,0.23192222531136925
MU,0.051878891514742946,0.22776938230311586,0.19364124499880697,0.4187119875459167
NCLH,0.24072071998203406,0.4906329788977032,0.45765135863899786,0.3856085717929784
NDAQ,0.08881793009324612,0.29802337172316895,0.2681894980043963,0.24315717223877953
NEE,0.007388586739548699,0.08595688884288856,0.0723486214939447,0.07576668898556836
NEM,0.03034837532820753,0.17420785093734303,0.14403855570662838,0.15324195634960336
NFLX,0.8780427770057732,0.9370393679060518,0.840173951316319,0.48163896453040445
NI,0.03792351076228899,0.19473959731469354,0.1654951689400745,0.15265578879175218
NKE,0.07775772876339337,0.27885072846129233,0.2320988690228901,0.1917092783233348
NOC,0.10728651346917518,0.327546200510974,0.2984565220622222,0.2608525693447842
NOV,0.023499945000395244,0.153296917778523,0.1431124856390693,0.25115927177962727
NOW,0.0714073992487187,0.2672216294552496,0.2481621223850829,0.21964195493849703
NRG,0.025773097473878716,0.16054001829412726,0.1229499790450915,0.2906375144419683
NSC,0.00899080713823094,0.09481986679083103,0.07932040639258556,0.10719980236347806
NTAP,0.017311046195947817,0.13157144901515608,0.11133594928856688,0.15830414598367715
NTRS,0.03260638069727126,0.1805723696950097,0.16793321645498216,0.15566168541148162
NUE,0.002832546083970236,0.05322166930837698,0.04607212695779884,0.05606301297965249
NVDA,0.16002901969387065,0.40003627297267763,0.3125048780516592,0.24189420513393076
NVR,0.06714798971021918,0.25912929149407093,0.22464414981740913,0.19323043927278563
NWL,0.056964669630639515,0.2386727249407429,0.2174623821139221,0.19649514713033278
NWS,0.005156774318977087,0.07181068387765908,0.057315927677972514,0.057842535769204236
NWSA,0.005036189246549938,0.07096611336793032,0.05598044696676611,0.05970041245908075
O,0.019718628146281263,0.14042303281969545,0.11469992486785283,0.11837734582064703
ODFL,0.0031853023658327206,0.0564384830220721,0.04338056381900149,0.053070826474760247
OKE,0.004134530319865475,0.06430031352851613,0.054834805347002434,0.09202325049041263
OMC,0.012596220175287673,0.11223288366288943,0.09804962762862827,0.10080803546028123
ORCL,0.0063449029901741305,0.07965489934821417,0.0686333387345068,0.07705723828101428
ORLY,0.15302096706904103,0.3911789450737872,0.3616582177483545,0.2929313793225862
OXY,0.0026384361498472493,0.051365709864142337,0.04230701782918653,0.04822414763307417
PAYC,0.5541734229077174,0.7444282523572822,0.6992419304074856,0.5493237255293355
PAYX,0.018691972901650398,0.1367185901830852,0.1162816931462691,0.10755525133116718
PCAR,0.0029561734178293005,0.054370703672375814,0.04606235374118409,0.05381662982165093
PEG,0.007534896378814272,0.08680378090160745,0.07794425401119638,0.08154001791688205
PEP,0.00504186695585863,0.07100610506047089,0.05552026287496899,0.055002597947167414
PFE,0.03760697724070085,0.19392518464784517,0.1864350410594832,0.17843822919489621
PFG,0.008451163558823156,0.09193021026204147,0.08159646173581069,0.0851217369537125
PG,0.002426745196255015,0.04926200560528383,0.03713397374619466,0.04499760584274025
PGR,0.03876003682886843,0.1968756887705245,0.17067133814364413,0.1500279609539353
PH,0.001993232585086725,0.04464563343807236,0.034757270737897694,0.04311384584577519
PHM,0.006068410905640799,0.07790000581284189,0.06576927943888282,0.07232091476488865
PKG,0.003953076217309937,0.06287349375778267,0.0497574406041995,0.055958873750296706
PLD,0.006255670967286347,0.07909279971834571,0.06117546658967005,0.0630903116336556
PM,0.008822162020315504,0.09392636488396378,0.07140907347263283,0.07158038992239207
PNC,0.025533955475451852,0.15979347757481172,0.14985295617626956,0.145702332916324
PNR,0.003173323641075782,0.05633226110388062,0.04691849610547978,0.056095274241946054
PNW,0.014006992716927742,0.11835114159537179,0.0911376216532408,0.10078017095172881
POOL,0.07732059392230115,0.27806580861785424,0.24781575643029535,0.2131533489642852
PPG,0.01652270717249556,0.12854068294705595,0.11648318362054681,0.12375716906038627
PPL,0.006560523721833876,0.08099705995796314,0.05691418838264046,0.058339431462675354
PRGO,0.022138001398456137,0.14878844511068773,0.12105013480986805,0.11323738177167122
PRU,0.0067818915258216934,0.08235224056345822,0.06310291253234308,0.06668851439919374
PSA,0.06251424984562715,0.25002849806697464,0.1993649681888898,0.17770161892715583
PSX,0.10998014202363754,0.33163254065853903,0.30403601977367145,0.2901978971089853
PVH,0.009047265552970129,0.09511711493190975,0.07042749691127646,0.10273591810276506
PWR,0.003503143157818262,0.059187356401669625,0.05182639555330413,0.0701403595310412
QCOM,0.010617836675500201,0.10304288755416456,0.07939978649000266,0.11188201897206185
RCL,0.130274878243932,0.360936113798456,0.3073495200800554,0.28660701653893317
REG,0.02162534154545827,0.14705557298333943,0.12456832685317838,0.12754788594340039
REGN,0.12037489599613946,0.3469508553039457,0.31279712373554686,0.2576065013313887
RF,0.01921333345992965,0.1386121692346298,0.1223461350774411,0.13132654041119213
RHI,0.009255157521381788,0.09620372924882792,0.08690696814900382,0.09112181242872389
RJF,0.011857093013343435,0.1088902797009147,0.09439994315020604,0.09358697210110276
RL,0.02889049957213527,0.1699720552683154,0.16197229784554495,0.24622403927313688
RMD,0.05561818025004011,0.23583507001724766,0.21736946045905048,0.21561941170672774
ROK,0.011615786129934884,0.10777655649506938,0.09465026591374841,0.09480113060779084
ROL,0.10335432524509852,0.32148767510605836,0.29827860533502204,0.24857987468540876
ROP,0.039828567809616966,0.19957095933431038,0.18235537588669237,0.16506979503458943
ROST,0.06735812334361257,0.25953443575682317,0.2443708576025181,0.22807457876228096
RSG,0.018529466507763655,0.13612298302551137,0.11650150487930828,0.10971101394132679
RTX,0.006605351899582386,0.08127331603658353,0.0706189807174357,0.07559427589624541
SBAC,0.004981638866840622,0.07058072588774233,0.0617827682226986,0.06423308765471353
SBUX,0.20424478126898457,0.4519344878065676,0.41888339606457736,0.310991015212003
SCHW,0.03836446593560611,0.1958684914313839,0.17592703456162398,0.1682512018990448
SEE,0.1460815631005374,0.3822061787838305,0.36433096103211443,0.3272233496388273
SHW,0.04159344531367486,0.20394471141384093,0.19359872319460314,0.19390838238291655
SJM,0.03558903757608074,0.18865057003910893,0.17585830822787907,0.15650801831427583
SLB,0.007562399279560733,0.08696205655089312,0.0747622684230467,0.08825650018146962
SLG,0.0070391217776834035,0.08389947423961251,0.07062915191363767,0.07490465519026471
SNA,0.06360687945184298,0.25220404329003726,0.23262356116317062,0.2003057651337324
SNPS,0.044509349193588205,0.2109723896475276,0.19952912622177532,0.18262364479512216
SO,0.0032391207959261035,0.05691327433847137,0.04816271154263274,0.053642485823623
SPG,0.017939539878145692,0.1339385675529856,0.11302255139280341,0.11628159829144293
SPGI,0.03968233777508573,0.19920426143806697,0.19106617309817261,0.1775964247872669
SRE,0.001357496457543574,0.03684421878047591,0.02821479701911254,0.03269771564737867
STE,0.030643116721365275,0.1750517544081329,0.15114520958435398,0.1430512591119801
STT,0.008242639112822392,0.09078898123022634,0.08221067102546396,0.08812171025594147
STX,0.010373230045733619,0.1018490552029503,0.0813277665660112,0.13367902269559748
STZ,0.1557258073664996,0.39462109341303536,0.3562050171464033,0.3058052738903416
SWK,0.030129377686210164,0.17357816016483804,0.15831835969165636,0.1470798768389926
SWKS,0.24015076979820318,0.49005180317819785,0.47231606211050553,0.39858389943671063
SYF,0.05002404745200664,0.2236605630235394,0.2157421669783443,0.205216165270127
SYK,0.024551917054321755,0.1566905136066691,0.14525911536674693,0.14395478539511283
SYY,0.00977935487524966,0.09889062076481095,0.07149175586716014,0.07135734203423899
T,0.012997965878087976,0.11400862194627201,0.10092426916395067,0.10027535062025578
TAP,0.03263438622120984,0.18064989958815322,0.12307777893027905,0.10855469689181914
TDG,0.05272849181884452,0.22962685343583952,0.21839970633656106,0.19779421825368237
TDY,0.004500666990822317,0.06708701059685337,0.05699713845016668,0.06149405520410557
TEL,0.038331532614592816,0.19578440339974176,0.184279636705884,0.17842805875189877
TER,0.020031120917843665,0.14153134252823177,0.1193952081817755,0.12128514044313685
TFC,0.010932875675122748,0.10456039247785343,0.09462069634911306,0.09418023242208944
TFX,0.032859437340697295,0.18127172239678557,0.16629359030852806,0.15121885098672375
TGT,0.07233875979699887,0.2689586581558565,0.2606049425442782,0.2539955884648798
TJX,0.02120009081810709,0.14560250965593652,0.1312141194626665,0.12832887951432478
TMO,0.02035701754107436,0.14267802052549777,0.1281452090395161,0.12504440295172023
TMUS,0.20002617465052513,0.44724285869147773,0.4181024548399703,0.3285442240845177
TPR,0.014282668879805695,0.11951012040746045,0.09482706230296675,0.09677241522113685
TROW,0.0027701888064835685,0.05263258312569856,0.04626873268111735,0.0507669935595624
TRV,0.017548924230133905,0.132472352700984,0.10888822094011813,0.10590955114662208
TSCO,0.06541711599039329,0.2557676992710246,0.24656727972946835,0.22221561789857483
TSLA,0.047667953744806056,0.21832991949067826,0.19094278998165776,0.20615533635306657
TSN,0.03506328974384868,0.18725194189606867,0.13874317565022115,0.1254224475175959
TT,0.009448595314755226,0.09720388528631572,0.08448941005019191,0.08429746668335143
TTWO,0.10577636585815897,0.3252327871819798,0.2640658060920505,0.24400359870293756
TXN,0.03155574974300877,0.17763938117154307,0.15379160388147015,0.15191274768685023
TXT,0.017593240996701794,0.13263951521587294,0.12298206770485086,0.12502591188172063
TYL,0.1938082402645127,0.4402365730655652,0.37481587469641287,0.2813391061934294
UAA,0.11506053194672423,0.3392057369012562,0.307947734686345,0.2505285145175582
UAL,0.037809988416052,0.19444790668981757,0.17355554265700007,0.19939921846172887
UDR,0.03615530097694273,0.19014547319603148,0.16659082693685504,0.15585847784044254
UHS,0.07358418274944165,0.2712640461790719,0.24782589401446503,0.2177094696910689
ULTA,0.12976767535507125,0.3602328071609681,0.3342234647788659,0.26773404595859446
UNH,0.07344289197843407,0.2710034907126365,0.26062624933413364,0.23680029413808196
UNM,0.014033117966968106,0.11846146194846705,0.10262763103707251,0.10268680881379214
UNP,0.016141986368823066,0.12705111714905568,0.11107751371688414,0.15075182630675604
UPS,0.003388164749150743,0.05820794403817011,0.042288571656669945,0.04621534006212954
URI,0.007242167606725913,0.08510092600392732,0.07319230301881086,0.11398441865653083
USB,0.009538179683356175,0.09766360470183442,0.08840438066539896,0.09178700943420212
V,0.10231582292684317,0.3198684462819726,0.2890576573882638,0.2634022099295157
VFC,0.007404088785401495,0.08604701497089538,0.0778817137550543,0.08193328095039334
VLO,0.17174859313306706,0.41442561833586866,0.38815416950422205,0.305005867512962
VMC,0.22428342607041557,0.47358571142974276,0.4500395890342484,0.33640809276895567
VNO,0.010660271674168031,0.10324859163285488,0.08743940321958599,0.09756681141714431
VRSK,0.04173719867719214,0.2042968396162607,0.19401059738873896,0.16992781708648616
VRSN,0.0956062409908057,0.3092025889134916,0.256398802617811,0.20651429923933712
VRTX,0.023498461769504105,0.15329207993077823,0.13681619208806606,0.13519398090454346
VTR,0.011271350636606704,0.10616661733617919,0.08734433613305591,0.12708454628013316
VTRS,0.03835163120356646,0.19583572504414629,0.15326238241108084,0.1435645708868455
VZ,0.005448127841442837,0.07381143435432505,0.0676424071570888,0.07135194905455465
WAB,0.02675839241422748,0.16357992668487012,0.14797838633243174,0.14466143711687865
WAT,0.03597018387079921,0.18965807093503617,0.17858943370813707,0.16361599336980628
WBA,0.11920488384940839,0.34526060280519755,0.32965285572078845,0.2923638960264553
WDC,0.007694535593860527,0.08771850200419821,0.07058078032069973,0.1106827051869253
WEC,0.009371477732368015,0.09680639303459258,0.07104145817851609,0.07612653316045564
WELL,0.005386281055760797,0.07339128732867953,0.060532660575884314,0.07079401390647486
WFC,0.012386409412218753,0.11129424698617064,0.10230495282733294,0.10118812569661077
WHR,0.017288958448504883,0.1314874839994472,0.1198245779291623,0.13215222587673572
WM,0.014034306466793364,0.1184664782408651,0.1001898264937909,0.0986258035224047
WMB,0.02815411044662759,0.16779186644956182,0.15006586156751606,0.19585105829238653
WMT,0.0035607427684290166,0.059671959649646306,0.05175528822101258,0.06841422626695455
WRB,0.012803571594161432,0.11315286825424016,0.09278381782340608,0.08883388518718166
WST,0.07170585828305401,0.26777949563596914,0.24333037874476746,0.2270255588269659
WU,0.04362497306920219,0.20886592127295966,0.19756401769616183,0.1813151346472837
WY,0.0035739889779389166,0.059782848526470506,0.04754526242363076,0.057546623890475525
WYNN,0.04277600936178134,0.20682361896500442,0.1860254916391132,0.43718257159830437
XEL,0.012011446169330463,0.10959674342484116,0.08506511210194567,0.0874790989725153
XOM,0.0024520581526902992,0.04951826080033808,0.03636238760587177,0.04408783172500156
XRAY,0.04360843000405971,0.2088263154012437,0.1713991939576406,0.1683431529092397
XRX,0.009678906554878582,0.0983814339948274,0.08669577030223759,0.1146826848483964
XYL,0.005909821480210045,0.07687536328506062,0.05723564295361847,0.06111904081425765
YUM,0.032985601680173594,0.18161938685111123,0.16247953642994092,0.15101796717897525
ZBH,0.0038530286009792625,0.06207276859444295,0.05386815993404503,0.05836929167835171
ZBRA,0.09095692985147875,0.3015906660549672,0.25893338397090704,0.22538588179759225
ZION,0.03265732679497942,0.18071338299910006,0.16070191400168563,0.1624066687986171
ZTS,0.06844586585762438,0.26162160816267527,0.24800503448074954,0.23839812341485223
^GSPC,0.022785829072345946,0.15094975678134082,0.13792052958642056,0.13905857305840053
