n_lags,loss,lr,trend_reg,seasonality_reg,ar_reg,mse,rmse,mae,mape
1,SmoothL1Loss,0.001,0.1,0.5,0.1,0.06867607272419747,0.22799107226783935,0.19087623171287052,0.22278651741623628
1,SmoothL1Loss,0.001,0.1,0.5,10,0.03660164797404741,0.159823731403737,0.1388602568142294,0.13506295636389293
1,SmoothL1Loss,0.001,0.1,10,0.1,0.03390947425494101,0.15369275997660328,0.13327817845582624,0.13083465252028953
1,SmoothL1Loss,0.001,0.1,10,10,0.1105405005123152,0.29328804319271146,0.2542710456020587,0.2427365650837265
1,SmoothL1Loss,0.001,10,0.5,0.1,0.02724650099660575,0.1399233707879041,0.11752869259317941,0.132139118665957
1,SmoothL1Loss,0.001,10,0.5,10,0.5576888538579157,0.728233811768846,0.6580244412753414,0.6560374989148199
1,SmoothL1Loss,0.001,10,10,0.1,0.09569445768950928,0.27411490837767855,0.2266627308849463,0.26210911571894535
1,SmoothL1Loss,0.001,10,10,10,0.03876218518432048,0.16480572056025974,0.14340479947355553,0.1388507446475335
1,SmoothL1Loss,0.01,0.1,0.5,0.1,0.6646649079811389,0.803447848448279,0.7315640928349114,0.7349798521039975
1,SmoothL1Loss,0.01,0.1,0.5,10,0.7210954510633927,0.8415424016915181,0.7685095749882248,0.7809740094399377
1,SmoothL1Loss,0.01,0.1,10,0.1,0.8911112046914856,0.9307253725464645,0.8289761632992855,0.8518495596078018
1,SmoothL1Loss,0.01,0.1,10,10,0.6953585960063454,0.8249578997059973,0.7478906987904507,0.7563330477720558
1,SmoothL1Loss,0.01,10,0.5,0.1,12.232701113109822,3.2966927014293494,1.986307055035852,2.0973233453816906
1,SmoothL1Loss,0.01,10,0.5,10,7.420912246652386,2.5665119580939,1.650106132814422,1.7377051082720578
1,SmoothL1Loss,0.01,10,10,0.1,2.1335921409148852,1.3866714409322045,1.0855247168751707,1.1372281649887916
1,SmoothL1Loss,0.01,10,10,10,2.2036257702727036,1.4128723775953271,1.0578396110431232,1.1047560168831492
1,SmoothL1Loss,0.1,0.1,0.5,0.1,9.789598627329836,2.95279425539483,1.7454144669264566,1.8415538279166648
1,SmoothL1Loss,0.1,0.1,0.5,10,13.317898704409656,3.439282463694805,1.945078418214711,2.056123052093266
1,SmoothL1Loss,0.1,0.1,10,0.1,12.809881692775337,3.375600272136618,1.910400877463665,2.0168729721618104
1,SmoothL1Loss,0.1,0.1,10,10,10.540485269298458,3.06189611260887,1.799585939170812,1.8995938248660966
1,SmoothL1Loss,0.1,10,0.5,0.1,18.779218679948738,4.073653291742215,2.6688116941612683,2.828320224107417
1,SmoothL1Loss,0.1,10,0.5,10,10.23813486161675,3.0072637857722113,2.11237117353237,2.2348536678915876
1,SmoothL1Loss,0.1,10,10,0.1,19.0966849075158,4.107057777955021,2.6935191425469283,2.8555219919391583
1,SmoothL1Loss,0.1,10,10,10,17.34891927577458,3.914159613335078,2.5939808902262924,2.748942299742312
1,SmoothL1Loss,1,0.1,0.5,0.1,25.992238066838837,4.804773422935405,2.4937891782743526,2.645460278437435
1,SmoothL1Loss,1,0.1,0.5,10,16.87774459052348,3.872794223447338,2.1234465685477257,2.248938302142002
1,SmoothL1Loss,1,0.1,10,0.1,28.290604179892906,5.013038881759483,2.578294951130391,2.7336115835824897
1,SmoothL1Loss,1,0.1,10,10,14.975729740923525,3.6487334006228513,2.0435119047639345,2.16042634659421
1,SmoothL1Loss,1,10,0.5,0.1,39.51483144122855,5.915193235167652,3.7412247313485136,3.979742051755615
1,SmoothL1Loss,1,10,0.5,10,37.1506267607503,5.73591898186966,3.5704626503533343,3.791997830399501
1,SmoothL1Loss,1,10,10,0.1,36.96141604351358,5.719839971469067,3.5688964828288166,3.7905582251493004
1,SmoothL1Loss,1,10,10,10,44.55596500338518,6.282590825329265,3.884205437880707,4.128716909490604
1,SmoothL1Loss,10,0.1,0.5,0.1,14.717864565696607,3.6146366813635553,2.1255436869165685,2.2482588389290985
1,SmoothL1Loss,10,0.1,0.5,10,0.1448603987689257,0.3415792294696781,0.2959510465424106,0.28516368919203605
1,SmoothL1Loss,10,0.1,10,0.1,0.03342507049502892,0.15256984146484961,0.13233236241989557,0.13022657084033215
1,SmoothL1Loss,10,0.1,10,10,0.03265115471076895,0.1523544451820492,0.12813013308647195,0.14869807054012782
1,SmoothL1Loss,10,10,0.5,0.1,0.17651033750988226,0.38052190996359686,0.3149383196788891,0.357954628860212
1,SmoothL1Loss,10,10,0.5,10,0.24328734005864405,0.4513390949921332,0.37669516982692286,0.42372191672346626
1,SmoothL1Loss,10,10,10,0.1,0.26369709019037074,0.4707824125796773,0.39646582876607867,0.44467805746514255
1,SmoothL1Loss,10,10,10,10,0.3712985827936343,0.5630912148890141,0.4830081550301644,0.536085172361659
1,MSE,0.001,0.1,0.5,0.1,0.4464319843886485,0.624322278036312,0.5662698838316259,0.6162079059272106
1,MSE,0.001,0.1,0.5,10,0.24294979483703014,0.45179843010294934,0.36926259996690786,0.4156000533677315
1,MSE,0.001,0.1,10,0.1,0.25666554328395147,0.46652572170641404,0.3758329316403603,0.421366943056455
1,MSE,0.001,0.1,10,10,0.10011481760656239,0.28059609255142187,0.2310968521007836,0.26709565781576633
1,MSE,0.001,10,0.5,0.1,0.024838317948979637,0.13268231782362588,0.11354690003431704,0.12258364234224563
1,MSE,0.001,10,0.5,10,0.28011707909560296,0.4869182255844678,0.4030024974181692,0.4517280945331703
1,MSE,0.001,10,10,0.1,0.2536878721771732,0.46261947502037126,0.39655790392413576,0.4434390673763081
1,MSE,0.001,10,10,10,0.1470579864865779,0.3453670363966201,0.28425445972825014,0.3249678921291757
1,MSE,0.01,0.1,0.5,0.1,0.5752695320119803,0.740734882833432,0.6713910362808793,0.6715974775869189
1,MSE,0.01,0.1,0.5,10,0.1482742870791777,0.3452554338350927,0.3021519087693306,0.2913945353300306
1,MSE,0.01,0.1,10,0.1,0.34938983202241986,0.5600967872395964,0.4937040844337915,0.489883721055738
1,MSE,0.01,0.1,10,10,0.6083255521108045,0.7631918712396785,0.6952495150491588,0.6960280785030325
1,MSE,0.01,10,0.5,0.1,0.9885914463178008,0.934750718516853,0.7129477983146204,0.740651799072087
1,MSE,0.01,10,0.5,10,0.03825065241135276,0.1641506391340054,0.1457741238469195,0.14197052005497315
1,MSE,0.01,10,10,0.1,0.6303928304438523,0.7820952423320325,0.7054865612468083,0.7175662131737758
1,MSE,0.01,10,10,10,0.39944301891127215,0.6049312929958489,0.5374453645888353,0.5346769757045015
1,MSE,0.1,0.1,0.5,0.1,1.0981419585264578,1.0315728566956,0.927479871120573,0.9539596363349178
1,MSE,0.1,0.1,0.5,10,1.3369854095429023,1.1297011912554908,0.9708897429412147,1.0022387519944973
1,MSE,0.1,0.1,10,0.1,0.867740936263388,0.9215166486385348,0.8435691751670433,0.8633774870224693
1,MSE,0.1,0.1,10,10,1.5377880680410505,1.202887984199446,0.9797378134940287,1.0159898720387084
1,MSE,0.1,10,0.5,0.1,82.14653589353263,8.53857646104615,5.102460923723478,5.451425417297706
1,MSE,0.1,10,0.5,10,34.195929252246074,5.494986058932072,3.5217433607982715,3.7560035530408404
1,MSE,0.1,10,10,0.1,50.15548763928925,6.676586056368507,3.5339970557408114,3.7537475618885376
1,MSE,0.1,10,10,10,43.456570901480454,6.19751713823253,3.8965743087566165,4.155669214531302
1,MSE,1,0.1,0.5,0.1,0.15795612327165803,0.35709373884115375,0.31598099607802144,0.3056368450631402
1,MSE,1,0.1,0.5,10,298.48011793061585,16.373613758153013,14.986947839371252,15.699889170556622
1,MSE,1,0.1,10,0.1,0.027675700615603826,0.13866162603379129,0.11989967876821063,0.12207188404432208
1,MSE,1,0.1,10,10,0.32203676560534483,0.5319562315993227,0.47519221865213246,0.4711807391492067
1,MSE,1,10,0.5,0.1,0.20508971619868152,0.412093055011887,0.34510504677196896,0.3901576565436667
1,MSE,1,10,0.5,10,0.2325228579588673,0.44081928499067574,0.3660607600156597,0.4123769880443645
1,MSE,1,10,10,0.1,0.2238492421454339,0.4318456305992388,0.3605697006581905,0.4065869727342942
1,MSE,1,10,10,10,0.07162461817901325,0.23301757620914554,0.19644958208894953,0.22911557114834571
1,MSE,10,0.1,0.5,0.1,0.05605041086367667,0.20199853870506335,0.18759530497176855,0.18037432903710646
1,MSE,10,0.1,0.5,10,0.0569323294260344,0.20365646167858056,0.1892991748079091,0.18188740210443377
1,MSE,10,0.1,10,0.1,0.05595084660288555,0.20181001566357415,0.1874010472999621,0.18020130151066
1,MSE,10,0.1,10,10,0.05464287827229576,0.19933382774912067,0.18485405658927417,0.17795378072694412
1,MSE,10,10,0.5,0.1,0.05465430729973346,0.1993551299441689,0.18487575175855808,0.17797234505982676
1,MSE,10,10,0.5,10,0.10676614834867743,0.2893301787282415,0.2401034653428381,0.27746901644811095
1,MSE,10,10,10,0.1,0.47128196881759854,0.6546531650891014,0.622881651950432,0.6227084252178713
1,MSE,10,10,10,10,0.04976774056049438,0.18991709134096407,0.1751114298048786,0.16948577997151207
1,MAE,0.001,0.1,0.5,0.1,0.16529333414569886,0.3690672950211437,0.29193228240304214,0.332881486103094
1,MAE,0.001,0.1,0.5,10,0.19741457980348529,0.4059131497816142,0.3572887799671276,0.34839433735339065
1,MAE,0.001,0.1,10,0.1,0.02587474653529236,0.13655814962878235,0.11486424089113699,0.12665389812756453
1,MAE,0.001,0.1,10,10,0.052985980326975865,0.19464748711598018,0.16858788626321297,0.16006410096126703
1,MAE,0.001,10,0.5,0.1,0.09498354511198517,0.2696339908032776,0.2321668462791816,0.2206875469006118
1,MAE,0.001,10,0.5,10,0.029662220277592147,0.14374541163634313,0.12439776267992778,0.12472040052205319
1,MAE,0.001,10,10,0.1,0.17455399769634586,0.38226102619039365,0.32560267031849205,0.31766123765078813
1,MAE,0.001,10,10,10,0.07379256027647998,0.24069519566740566,0.18702472708860415,0.21709484722738864
1,MAE,0.01,0.1,0.5,0.1,1.0058659803451604,0.9895724057342247,0.9029431943540782,0.9270008368560967
1,MAE,0.01,0.1,0.5,10,1.1381727049039254,1.0494700052091204,0.9450228484223784,0.9722978212105121
1,MAE,0.01,0.1,10,0.1,0.8150473841936966,0.8940151154186667,0.8229561201878816,0.8401606129098638
1,MAE,0.01,0.1,10,10,1.173258628179331,1.0640539101816324,0.9531285685907324,0.9814296954101634
1,MAE,0.01,10,0.5,0.1,0.998587216383591,0.9867133792446859,0.9057479357580581,0.928986414714958
1,MAE,0.01,10,0.5,10,0.8580464900307957,0.916111458877024,0.8444851816732422,0.8640971223425307
1,MAE,0.01,10,10,0.1,1.1066476946329091,1.0265798210062673,0.9065915262028253,0.9357807300134762
1,MAE,0.01,10,10,10,1.0567240436225147,1.0125264395608677,0.9210453591264768,0.9465832107357622
1,MAE,0.1,0.1,0.5,0.1,12.410074298408707,3.3264213583572917,1.9285754852101387,2.031858420048661
1,MAE,0.1,0.1,0.5,10,11.666095422829478,3.225749281451018,1.8876884915536563,1.9880739860405838
1,MAE,0.1,0.1,10,0.1,12.571091326654225,3.3469337780797104,1.9338782726791623,2.0378161277056517
1,MAE,0.1,0.1,10,10,11.680600968889673,3.2273200874676875,1.8875088224313925,1.9878517865621035
1,MAE,0.1,10,0.5,0.1,8.139383151023301,2.6859417239957395,1.8707398204807846,1.9800483020183821
1,MAE,0.1,10,0.5,10,6.480127557319169,2.400876251241935,1.7012350104017948,1.7979724763670493
1,MAE,0.1,10,10,0.1,8.581077382290102,2.7559290704871624,1.9300942918698492,2.0425700764670447
1,MAE,0.1,10,10,10,6.0616734498514635,2.3234323001648587,1.663503611364168,1.7572788382717957
1,MAE,1,0.1,0.5,0.1,25.872648266765708,4.797552724477177,2.4852838522005287,2.6303520783619563
1,MAE,1,0.1,0.5,10,20.3559954333289,4.25566481737234,2.287353595270844,2.417489812719106
1,MAE,1,0.1,10,0.1,27.555565937075755,4.949781617705084,2.5680679385891545,2.7187513218696897
1,MAE,1,0.1,10,10,19.67767737761573,4.184440767410918,2.2698671989699553,2.398937354062932
1,MAE,1,10,0.5,0.1,15.38932800253378,3.6872553972936615,2.4510459802874753,2.5971124808521955
1,MAE,1,10,0.5,10,1.9705432817642592,1.355868882967229,1.0607170111419382,1.1064653799659958
1,MAE,1,10,10,0.1,3.1249089262941134,1.6827991504480564,1.2883746936193745,1.3551078707036688
1,MAE,1,10,10,10,1.810116993004904,1.3050608764077707,1.0356446282719036,1.0741032471736573
1,MAE,10,0.1,0.5,0.1,0.026980619225187623,0.1390348748006301,0.11700801311505853,0.13151382238557116
1,MAE,10,0.1,0.5,10,0.03739667420829174,0.16554386213378092,0.13625975625329453,0.1582513056794572
1,MAE,10,0.1,10,0.1,33.00708348916477,5.41648928111948,2.808097072335814,2.9754414339780606
1,MAE,10,0.1,10,10,0.8477633347706887,0.9101899354668953,0.8744561224256977,0.879141567721869
1,MAE,10,10,0.5,0.1,0.17318162435806653,0.37807479491036977,0.30339932541463677,0.34518790612102873
1,MAE,10,10,0.5,10,0.047712985300619376,0.18918395898179918,0.15145914953229808,0.1766304480943765
1,MAE,10,10,10,0.1,0.24219258897938242,0.45113192498164867,0.36718839367118994,0.4133862857480543
1,MAE,10,10,10,10,0.21113017919337024,0.41899128203686453,0.3454463751427566,0.39042082858568883
3,SmoothL1Loss,0.001,0.1,0.5,0.1,0.1286235978770942,0.34274677453055413,0.23093418690381942,0.25139648177594254
3,SmoothL1Loss,0.001,0.1,0.5,10,0.027975281993824288,0.14124043117348212,0.12030756450881551,0.13776885401450045
3,SmoothL1Loss,0.001,0.1,10,0.1,0.02644100842714569,0.13588872660668477,0.1171017423865513,0.12057500309501445
3,SmoothL1Loss,0.001,0.1,10,10,0.09304065217273473,0.2657141641210141,0.23181543337622362,0.2201916282977797
3,SmoothL1Loss,0.001,10,0.5,0.1,0.026789888130483015,0.13648789165580774,0.11686809125427704,0.11958774900160615
3,SmoothL1Loss,0.001,10,0.5,10,82332.92529637352,57.67939869030191,18.106431217689305,18.23545631777201
3,SmoothL1Loss,0.001,10,10,0.1,3.803521462252148,1.7764715760127603,0.8501706558027694,0.9274874102424103
3,SmoothL1Loss,0.001,10,10,10,0.17408040314271397,0.3785713660827941,0.3299370964048226,0.32026098289246563
3,SmoothL1Loss,0.01,0.1,0.5,0.1,0.7306951107918126,0.8467059916549097,0.7738055505729281,0.7849900121902297
3,SmoothL1Loss,0.01,0.1,0.5,10,0.765531286117604,0.8669925788235145,0.7963329533901317,0.8100097368052244
3,SmoothL1Loss,0.01,0.1,10,0.1,0.6936366958271633,0.8239209097463596,0.7463972828448541,0.7547961010256244
3,SmoothL1Loss,0.01,0.1,10,10,1.502231001595668,1.1891769803354042,0.9859787852604861,1.021311189252555
3,SmoothL1Loss,0.01,10,0.5,0.1,0.7715393961270448,0.8701900128005727,0.7969908151370081,0.8131935329779779
3,SmoothL1Loss,0.01,10,0.5,10,5.037634757387545,2.10836505869159,1.3998214048511104,1.4711369268244496
3,SmoothL1Loss,0.01,10,10,0.1,1.3483440402276423,1.1305187695167929,0.9367465443734085,0.9696669653252471
3,SmoothL1Loss,0.01,10,10,10,4.456173776996469,1.9998038795113322,1.4087804499243182,1.478781255647247
3,SmoothL1Loss,0.1,0.1,0.5,0.1,12.455573166489426,3.328148508793275,1.9031705896937097,2.0107691141727577
3,SmoothL1Loss,0.1,0.1,0.5,10,12.218195515822345,3.2932944728232543,1.9083122913648423,2.017187820308903
3,SmoothL1Loss,0.1,0.1,10,0.1,13.976260828533094,3.5221082702829283,2.0062352709326627,2.121675474917676
3,SmoothL1Loss,0.1,0.1,10,10,11.856834168147795,3.2464172878056,1.8687298468066806,1.9736566885518345
3,SmoothL1Loss,0.1,10,0.5,0.1,14.20025071444465,3.5421345393882127,2.371224762236109,2.509920368041469
3,SmoothL1Loss,0.1,10,0.5,10,16.35592132911181,3.8034440043927003,2.5022280730716524,2.6484648971608262
3,SmoothL1Loss,0.1,10,10,0.1,12.802898891814676,3.365550822119104,2.2774703155686478,2.4088937079083297
3,SmoothL1Loss,0.1,10,10,10,15.498404989802506,3.7023779748657812,2.4580257097911535,2.602146828663192
3,SmoothL1Loss,1,0.1,0.5,0.1,15.335754272127295,3.6924306383140624,2.0711305419111308,2.190485025815654
3,SmoothL1Loss,1,0.1,0.5,10,14.8968343867682,3.642443013450254,2.050767951143791,2.162402343568779
3,SmoothL1Loss,1,0.1,10,0.1,17.62136057742757,3.959363900889642,2.1722897650037103,2.2931876418949955
3,SmoothL1Loss,1,0.1,10,10,9.350163213331996,2.891194560166467,1.7583148223213025,1.8467510415314798
3,SmoothL1Loss,1,10,0.5,0.1,19.37407679998695,4.138530192436649,2.6739035687464408,2.830108639561239
3,SmoothL1Loss,1,10,0.5,10,24.44375972722067,4.651019461161269,2.9498176885653913,3.1252707357255067
3,SmoothL1Loss,1,10,10,0.1,27.117831167736703,4.901264985154147,3.1346823629781038,3.327578945332672
3,SmoothL1Loss,1,10,10,10,19.860984907549174,4.189125704406218,2.717958264483615,2.8790237760803192
3,SmoothL1Loss,10,0.1,0.5,0.1,0.05707578898412268,0.20262481591812828,0.17603489075662948,0.16689229024049998
3,SmoothL1Loss,10,0.1,0.5,10,0.8615425532999932,0.9208330886120192,0.8787280444759775,0.8907995523481825
3,SmoothL1Loss,10,0.1,10,0.1,0.05719908754367247,0.2054824758757266,0.17374996003396068,0.2038125915830901
3,SmoothL1Loss,10,0.1,10,10,0.08034043099561096,0.24459298558193152,0.21424041038582387,0.20282578951354263
3,SmoothL1Loss,10,10,0.5,0.1,0.221667997164157,0.42946159057733085,0.3614978437230302,0.4074698066559642
3,SmoothL1Loss,10,10,0.5,10,0.16903924225172245,0.37140362479868855,0.31608706822766747,0.35904049420867656
3,SmoothL1Loss,10,10,10,0.1,0.1359967097229167,0.329925518310464,0.2796095847502977,0.32023189576896605
3,SmoothL1Loss,10,10,10,10,0.07130304319721537,0.22921924183943376,0.19855829251781693,0.18792955768211558
3,MSE,0.001,0.1,0.5,0.1,0.9252206854366389,0.9421364355676729,0.6500014511389283,0.6954309436296221
3,MSE,0.001,0.1,0.5,10,0.20860285303627887,0.441605424095943,0.32656174303958485,0.3287257086947079
3,MSE,0.001,0.1,10,0.1,0.8787453703110218,0.8791059157067849,0.7241111548987943,0.7887483916152527
3,MSE,0.001,0.1,10,10,0.02826373797783451,0.14519986214887623,0.12151621036609775,0.13573202749542077
3,MSE,0.001,10,0.5,0.1,0.04432557346232594,0.18721937806496367,0.14939386446661926,0.17108404300198024
3,MSE,0.001,10,0.5,10,0.09876413356808382,0.28026896864835976,0.2271868928978675,0.26270905958988894
3,MSE,0.001,10,10,0.1,0.043383064748130924,0.1764726303048601,0.1489984011022091,0.17494590403637877
3,MSE,0.001,10,10,10,0.19387108346639054,0.38873968218049615,0.26443689355138367,0.29965251966584416
3,MSE,0.01,0.1,0.5,0.1,0.6104732124823099,0.7650863766614132,0.6978806358331696,0.6984635627195811
3,MSE,0.01,0.1,0.5,10,0.6490021048317615,0.7908769320434919,0.7254921941009056,0.7265591700175754
3,MSE,0.01,0.1,10,0.1,0.6842758518078876,0.8198788255072958,0.7364564955204841,0.7499444445744198
3,MSE,0.01,0.1,10,10,0.6894718656488855,0.8210324002898506,0.7435327325659868,0.750230328511892
3,MSE,0.01,10,0.5,0.1,0.13617132001104335,0.32957642646858154,0.29885164745680126,0.28871003483813024
3,MSE,0.01,10,0.5,10,0.02686532002898083,0.13710789442925536,0.11803256878328622,0.12115529225246956
3,MSE,0.01,10,10,0.1,0.6987274499399889,0.8232974312141629,0.7649851759678165,0.7655887056639816
3,MSE,0.01,10,10,10,0.3559821116514113,0.5831991323764888,0.4939029645532916,0.4942871174553134
3,MSE,0.1,0.1,0.5,0.1,11.810061842122375,3.2332644863585442,1.9880725383564808,2.1032855812450824
3,MSE,0.1,0.1,0.5,10,2.521189357983094,1.5181444426094566,1.1368196488786135,1.187470238806625
3,MSE,0.1,0.1,10,0.1,15.943147786895743,3.761698082442355,2.2025716784969274,2.3317919838532735
3,MSE,0.1,0.1,10,10,5.611779764674833,2.2406536391096274,1.4789445760960298,1.5564546182011014
3,MSE,0.1,10,0.5,0.1,11.784597825062315,3.2201106347333366,2.1400509096909635,2.2788800433819354
3,MSE,0.1,10,0.5,10,4.176483707515493,1.9335078389606848,1.337156678791184,1.4110607189606788
3,MSE,0.1,10,10,0.1,19.808368377702244,4.176579989014951,2.765419988241672,2.9434914923816806
3,MSE,0.1,10,10,10,43.99550219940679,6.24770001835747,3.3550512660706375,3.5735086497604756
3,MSE,1,0.1,0.5,0.1,0.19405531204414558,0.4025124865082852,0.35077998428978724,0.34184636056235373
3,MSE,1,0.1,0.5,10,0.1878848351159221,0.39399801858662054,0.348774289460768,0.3396753659658003
3,MSE,1,0.1,10,0.1,0.04077443400526436,0.1715552585997401,0.15054962914901868,0.17609696363541144
3,MSE,1,0.1,10,10,0.7686585882417192,0.866654012812116,0.8115514443844021,0.816073160635139
3,MSE,1,10,0.5,0.1,0.04881305047516528,0.18606600617598432,0.16191372109046914,0.15424482620153113
3,MSE,1,10,0.5,10,0.0371054234812502,0.162307005499104,0.13815559649211512,0.1618679118935611
3,MSE,1,10,10,0.1,0.09229538973294069,0.26425213263779984,0.23034787460401754,0.21874762277794568
3,MSE,1,10,10,10,0.05764325397316106,0.20638348250934066,0.17471462779598168,0.2047078838733262
3,MSE,10,0.1,0.5,0.1,1.2561540135657643,1.099469065403301,0.9734306016997303,1.0030826728166586
3,MSE,10,0.1,0.5,10,0.7502449583503351,0.8573262531298141,0.7950054004983743,0.8038686325708013
3,MSE,10,0.1,10,0.1,0.03022324473772071,0.14894192859535288,0.1278233443016537,0.14144428480362725
3,MSE,10,0.1,10,10,0.7634451735919834,0.8643654620424035,0.8061560044337307,0.8128843298082505
3,MSE,10,10,0.5,0.1,0.30489695234315817,0.5084565396455774,0.4268269827296696,0.4765149001730051
3,MSE,10,10,0.5,10,0.27677770786860395,0.48327437874011975,0.40383499141987844,0.45231443131493243
3,MSE,10,10,10,0.1,0.2834591088470705,0.4890684825474342,0.4169168674754395,0.46587794279735517
3,MSE,10,10,10,10,0.2720290001331354,0.4786212754238587,0.40548746669892555,0.4539477801747833
3,MAE,0.001,0.1,0.5,0.1,0.21417499030740866,0.4339259507229923,0.3946203176677542,0.43066179039877284
3,MAE,0.001,0.1,0.5,10,1704.9357753423753,10.288418747235909,4.4826292461391795,4.589095267316549
3,MAE,0.001,0.1,10,0.1,0.02936452091091143,0.14529907767929826,0.12230027398825764,0.1402474333501894
3,MAE,0.001,0.1,10,10,0.7830254013956461,0.8340698974199182,0.7806772909203802,0.8370754406657505
3,MAE,0.001,10,0.5,0.1,0.06573728800072662,0.2190802756657046,0.18964186402395858,0.1794480974791887
3,MAE,0.001,10,0.5,10,0.1838254175874854,0.4016145809957515,0.32338328103321984,0.3174663041169833
3,MAE,0.001,10,10,0.1,0.0817855682074852,0.25335874026773286,0.21479783499216856,0.2466333682259784
3,MAE,0.001,10,10,10,0.4095523826684718,0.6085059227599343,0.5552693538904548,0.5531134816939327
3,MAE,0.01,0.1,0.5,0.1,0.9444270692326556,0.9595002051095498,0.8766370662639801,0.8992664524569391
3,MAE,0.01,0.1,0.5,10,0.9459362397697627,0.9610241284747427,0.881478426155002,0.9036806545516491
3,MAE,0.01,0.1,10,0.1,0.9997202402880524,0.9867925217175313,0.901446117307147,0.9252476221365988
3,MAE,0.01,0.1,10,10,1.2987842836701067,1.117020334919625,0.9877236752442552,1.0180195194489399
3,MAE,0.01,10,0.5,0.1,0.7528552617825848,0.8599498505506821,0.792116679290223,0.8090250913830879
3,MAE,0.01,10,0.5,10,0.9549860355618198,0.9637672849406528,0.8808030138672669,0.9047858771881955
3,MAE,0.01,10,10,0.1,0.9124690781705236,0.9434919091047549,0.8667632858209766,0.8882604995479778
3,MAE,0.01,10,10,10,0.998522342759793,0.9873814454134636,0.9104842170786293,0.9334412826611314
3,MAE,0.1,0.1,0.5,0.1,11.963657185309273,3.2661470834460076,1.9048924919533445,2.006749827408462
3,MAE,0.1,0.1,0.5,10,11.942474826075802,3.26366972823901,1.9008642491451093,2.0022184668233995
3,MAE,0.1,0.1,10,0.1,12.65583622365097,3.3583981299541965,1.9383746997669533,2.042762602221316
3,MAE,0.1,0.1,10,10,11.941003413613227,3.2624520777883186,1.9002336912598277,2.0015201378321206
3,MAE,0.1,10,0.5,0.1,4.9232689016660425,2.100517891018503,1.480760998501835,1.5615744720496219
3,MAE,0.1,10,0.5,10,4.766005962629635,2.0677565576409997,1.4512400379645136,1.5303178370125623
3,MAE,0.1,10,10,0.1,5.294242230076775,2.1822066753268277,1.4002460849445004,1.4728927787522201
3,MAE,0.1,10,10,10,4.276159248755477,1.9716476963042164,1.3231472224663827,1.3815479829195636
3,MAE,1,0.1,0.5,0.1,23.594196931511537,4.5800758720269155,2.4199815338319706,2.5597868413750935
3,MAE,1,0.1,0.5,10,23.80023206135767,4.6014476504696145,2.415388075413925,2.5547214106017493
3,MAE,1,0.1,10,0.1,26.982816505827266,4.896709567265043,2.564636984251148,2.714775805237708
3,MAE,1,0.1,10,10,29.44965141281814,5.115485863204206,2.6353560613095803,2.791016180456436
3,MAE,1,10,0.5,0.1,1.735016064576618,1.2806172396179498,1.0533873974736587,1.0875834263191158
3,MAE,1,10,0.5,10,1.687532562054522,1.2638913433306351,1.0193133772197027,1.054110880435866
3,MAE,1,10,10,0.1,6.814723151531392,2.4580762000265373,1.7908957494870454,1.8911972336768608
3,MAE,1,10,10,10,1.8589047668644596,1.3224264204465286,1.0571787067737195,1.0932712530590216
3,MAE,10,0.1,0.5,0.1,0.16594701670350898,0.368400263098208,0.32092025677569636,0.31082453369820595
3,MAE,10,0.1,0.5,10,0.7863852597644407,0.874900166294821,0.8264805943836878,0.8298945458446007
3,MAE,10,0.1,10,0.1,23.979448761177583,4.6181262428038545,2.431633698148212,2.5720553297036908
3,MAE,10,0.1,10,10,33.8036377373436,5.482344581436712,2.7764672839477735,2.9419211628024997
3,MAE,10,10,0.5,0.1,1.3787076271091883,1.1503256859649402,1.013204617184207,1.0440982829102263
3,MAE,10,10,0.5,10,0.1547729365399269,0.3538589870356018,0.29986915066714753,0.3419783100994281
3,MAE,10,10,10,0.1,0.2702434500983969,0.48447879357306606,0.4228347739989882,0.4168201865811981
3,MAE,10,10,10,10,0.06695766360012195,0.2247920009135571,0.1876571189846389,0.21928197931852605
5,SmoothL1Loss,0.001,0.1,0.5,0.1,0.024468641214471287,0.13171390104571767,0.11295389394042428,0.12300355682440586
5,SmoothL1Loss,0.001,0.1,0.5,10,0.12377195554388208,0.31302817344191064,0.2698056291615169,0.2589899266877843
5,SmoothL1Loss,0.001,0.1,10,0.1,0.30810289079352027,0.520632378093966,0.4596902721466423,0.45485774410065805
5,SmoothL1Loss,0.001,0.1,10,10,0.3345541730901032,0.5365692204486954,0.47970208548624244,0.526432151533074
5,SmoothL1Loss,0.001,10,0.5,0.1,0.23132452183301633,0.44512035793590377,0.39056885452283757,0.38302174656835386
5,SmoothL1Loss,0.001,10,0.5,10,4.908841789390165,2.097040911375352,1.7906115834754384,1.8779363683680432
5,SmoothL1Loss,0.001,10,10,0.1,2303536.271623961,1091.6279634837952,352.6954274894396,350.9260753531278
5,SmoothL1Loss,0.001,10,10,10,0.03529446519100924,0.1569717688131261,0.1368791460390995,0.1337591469361867
5,SmoothL1Loss,0.01,0.1,0.5,0.1,0.747457513982816,0.856658574285224,0.7836028009872232,0.7967496308507229
5,SmoothL1Loss,0.01,0.1,0.5,10,1.3046602016345987,1.1139587162140265,0.9482662055919536,0.9794676108374871
5,SmoothL1Loss,0.01,0.1,10,0.1,0.7291767109112476,0.8458538046279969,0.7762584621698334,0.7865118770476043
5,SmoothL1Loss,0.01,0.1,10,10,1.398473730404343,1.149251028661442,0.9540560227874445,0.9884850855171512
5,SmoothL1Loss,0.01,10,0.5,0.1,3.0974659301136884,1.6771122846756248,1.1965769841226201,1.2505745595233253
5,SmoothL1Loss,0.01,10,0.5,10,1.2519991873727583,1.0879809292255163,0.9504751634814136,0.9887220026979848
5,SmoothL1Loss,0.01,10,10,0.1,4.689601552866713,2.0491172959980335,1.4881990240222396,1.562007127843265
5,SmoothL1Loss,0.01,10,10,10,1.699855843216872,1.2553347250494538,1.0240845897089061,1.0639045694206763
5,SmoothL1Loss,0.1,0.1,0.5,0.1,10.313961432439317,3.0310739283755215,1.7758892113756908,1.8743447368561938
5,SmoothL1Loss,0.1,0.1,0.5,10,12.007354251113311,3.2688249074220166,1.879460708114646,1.9855429837130971
5,SmoothL1Loss,0.1,0.1,10,0.1,12.271059083959042,3.304540867228106,1.9161323323556105,2.025326877246166
5,SmoothL1Loss,0.1,0.1,10,10,12.902241652404667,3.386145826744749,1.941582163314845,2.0535908009043755
5,SmoothL1Loss,0.1,10,0.5,0.1,16.793048512605615,3.855143576506989,2.50637233780896,2.6525280512788294
5,SmoothL1Loss,0.1,10,0.5,10,20.78311848070091,4.289017772100832,2.730560286564592,2.891885499015575
5,SmoothL1Loss,0.1,10,10,0.1,20.87140802807092,4.298138302751397,2.730003120175856,2.891057776125952
5,SmoothL1Loss,0.1,10,10,10,14.210097110599321,3.546228485064154,2.3564306658563314,2.49273912990541
5,SmoothL1Loss,1,0.1,0.5,0.1,15.933075624501598,3.765055318723322,2.0657981430668917,2.180090940058802
5,SmoothL1Loss,1,0.1,0.5,10,13.96749274157606,3.5256459414519283,1.9624959962026791,2.0708026134655784
5,SmoothL1Loss,1,0.1,10,0.1,13.823547704125565,3.508948030090916,2.000104993835495,2.107400291354641
5,SmoothL1Loss,1,0.1,10,10,11.697907273616613,3.229923154018108,1.8561500364891022,1.9550262683094446
5,SmoothL1Loss,1,10,0.5,0.1,67.75711170521276,7.749535567729211,4.540908484098467,4.836114296994596
5,SmoothL1Loss,1,10,0.5,10,3.3947940059308452,1.744815450538017,1.3858409527691438,1.4541251072172579
5,SmoothL1Loss,1,10,10,0.1,15.04169408131661,3.647031801581332,2.402300266776178,2.5395289683687756
5,SmoothL1Loss,1,10,10,10,34.010272844766725,5.4921088219425345,3.3224305915867416,3.5213929352112836
5,SmoothL1Loss,10,0.1,0.5,0.1,16.200300704899576,3.7967429669462547,2.0637589355179937,2.178468507404452
5,SmoothL1Loss,10,0.1,0.5,10,0.02667123273425444,0.1360303423014172,0.11734875779498913,0.12052271911173144
5,SmoothL1Loss,10,0.1,10,0.1,0.025363891573277772,0.13284153854848993,0.11442646952023854,0.11950067546821681
5,SmoothL1Loss,10,0.1,10,10,0.04014749072806417,0.16858421357137907,0.1438654204576024,0.1692040398848019
5,SmoothL1Loss,10,10,0.5,0.1,0.09849132218615517,0.2767220756708002,0.2350943446538993,0.2719947093944056
5,SmoothL1Loss,10,10,0.5,10,0.10884932752320688,0.2922737227602733,0.24896096242353158,0.28706506808348015
5,SmoothL1Loss,10,10,10,0.1,0.081165051129557,0.24852338649496494,0.2113058555069137,0.24605046456902308
5,SmoothL1Loss,10,10,10,10,26.48639719765803,4.84059613014601,3.0633033567935812,3.2486026989163297
5,MSE,0.001,0.1,0.5,0.1,9.548615789596422,3.044545975671906,1.7513980025454012,1.8674322180874332
5,MSE,0.001,0.1,0.5,10,0.5121975233295527,0.666198679157279,0.56631072084034,0.6229891179395606
5,MSE,0.001,0.1,10,0.1,0.0643370814242884,0.22851991776957079,0.19425290847969365,0.21952531376237763
5,MSE,0.001,0.1,10,10,4.417673486675635,2.058236078082423,1.1529670309193478,1.2317879533300526
5,MSE,0.001,10,0.5,0.1,0.2824304593853811,0.48862348591803534,0.40808697678651623,0.4568536689316167
5,MSE,0.001,10,0.5,10,5.084653494458473,2.2087240895853903,1.4363533531670445,1.5272205943999861
5,MSE,0.001,10,10,0.1,46.8797819560779,6.73570317429621,3.5622845901183697,3.8070436438681834
5,MSE,0.001,10,10,10,0.47626034054342736,0.6415372705956008,0.5422285534765977,0.5973991887275653
5,MSE,0.01,0.1,0.5,0.1,0.6646377371284329,0.8035366597970197,0.7301907637286265,0.7335586038212875
5,MSE,0.01,0.1,0.5,10,0.5716959939133892,0.7387156869888354,0.6668989125429642,0.6670128950242169
5,MSE,0.01,0.1,10,0.1,0.7343308871510673,0.8486530548813194,0.7780032955517376,0.7885426467895273
5,MSE,0.01,0.1,10,10,0.6388962890671329,0.7847515237340538,0.7176151430044995,0.7185252322043046
5,MSE,0.01,10,0.5,0.1,0.5497616509792276,0.7221047650880845,0.6571877711236004,0.6572985515027782
5,MSE,0.01,10,0.5,10,1.6103040423431196,1.2213169890896987,0.9803676108088869,1.0145747337035351
5,MSE,0.01,10,10,0.1,12547.8717296496,50.772699125845705,12.213468648820774,13.424614924180398
5,MSE,0.01,10,10,10,3.2367393458513174,1.7039931087626587,1.2745405072143579,1.3358755064752483
5,MSE,0.1,0.1,0.5,0.1,20.159752339881912,4.225540519393476,2.4655243438149443,2.614745183304357
5,MSE,0.1,0.1,0.5,10,2.1760030936710932,1.411859690617789,1.0928155143988056,1.1413577700277562
5,MSE,0.1,0.1,10,0.1,23.74677536077854,4.585048154342632,2.6098398186779326,2.7688634050983687
5,MSE,0.1,0.1,10,10,5.755714359505134,2.2671668181001876,1.5164664541425255,1.5964442224280773
5,MSE,0.1,10,0.5,0.1,21.845880611672897,4.402502271422289,2.3443342105979816,2.4896858845223373
5,MSE,0.1,10,0.5,10,30.879072834774185,5.235794460162638,2.750669712025856,2.9204607778943927
5,MSE,0.1,10,10,0.1,23.100360524193928,4.526353748591277,2.4399006114066846,2.587743656905477
5,MSE,0.1,10,10,10,18.18124668302516,4.017154140933228,2.3041783453246913,2.4382282000793785
5,MSE,1,0.1,0.5,0.1,0.2555972576122516,0.4688004492592047,0.412917567114095,0.4064797984215248
5,MSE,1,0.1,0.5,10,0.0351259657657389,0.15700313119305925,0.13530798156878338,0.13254162293734228
5,MSE,1,0.1,10,0.1,0.2291543885422273,0.4407457924707178,0.38913203219909964,0.38189010402351287
5,MSE,1,0.1,10,10,2.024023589631306,1.3906331800369056,1.144676156942659,1.1798687931911989
5,MSE,1,10,0.5,0.1,0.20856775717551956,0.41752502093481403,0.37000709258695946,0.36198268711830167
5,MSE,1,10,0.5,10,0.2543136806586961,0.46767244526291457,0.412206760744979,0.4056670586609679
5,MSE,1,10,10,0.1,0.14180038857145144,0.3365548155780903,0.29483869452157463,0.2838465899352432
5,MSE,1,10,10,10,442.21738181182195,19.929656469251082,18.510725379009212,19.421718556938515
5,MSE,10,0.1,0.5,0.1,0.8318105302529651,0.9040419139129968,0.8423914483681552,0.8580096860262693
5,MSE,10,0.1,0.5,10,0.7511756626139923,0.8578910868938332,0.7955095921312091,0.8041731591454503
5,MSE,10,0.1,10,0.1,1.008877967070609,0.990548415683073,0.8977934303765551,0.9220805475575214
5,MSE,10,0.1,10,10,0.6226656275320408,0.7717006275960083,0.7066182653305066,0.7079261659435125
5,MSE,10,10,0.5,0.1,0.27296865957567723,0.4796211496179699,0.40391598139023055,0.4523307140526811
5,MSE,10,10,0.5,10,0.26570344586124445,0.4728706908662347,0.3970704819547299,0.4451177498874234
5,MSE,10,10,10,0.1,0.23479850094313795,0.44268686728455037,0.3741699718801124,0.42091627438842305
5,MSE,10,10,10,10,0.2562598829479801,0.46370099583154656,0.3935714366495213,0.44138536459841327
5,MAE,0.001,0.1,0.5,0.1,18172291611.265945,110437.02212091503,24080.3692052847,25812.566041468286
5,MAE,0.001,0.1,0.5,10,0.1731674058062546,0.37755705622315505,0.3292090419727497,0.31964944627002273
5,MAE,0.001,0.1,10,0.1,0.03926257718077279,0.16693017897397905,0.1407451636229587,0.1353035241877287
5,MAE,0.001,0.1,10,10,0.11287812370975751,0.2961187749514306,0.2584707341730198,0.2468274215545296
5,MAE,0.001,10,0.5,0.1,0.03858057110614176,0.1704044272096698,0.14358008815243806,0.1659151912256486
5,MAE,0.001,10,0.5,10,0.08000682675364976,0.24471279574069674,0.21012372073641813,0.1992166102131604
5,MAE,0.001,10,10,0.1,0.02433212037081779,0.13090877467025935,0.11228467509273257,0.11947411669437477
5,MAE,0.001,10,10,10,0.2046959227127792,0.41465090768761304,0.3647178469138186,0.35642604486353896
5,MAE,0.01,0.1,0.5,0.1,0.9260114844145458,0.9511844122601735,0.8731514104241924,0.8947592382392534
5,MAE,0.01,0.1,0.5,10,0.9149614802458952,0.9456229524930102,0.8683529608806185,0.889614741908064
5,MAE,0.01,0.1,10,0.1,8.365028129789945,2.743804457022947,1.5720813647588234,1.648879007416268
5,MAE,0.01,0.1,10,10,0.956914068797035,0.9654050481717223,0.8810381407851525,0.9040828770705482
5,MAE,0.01,10,0.5,0.1,1.049846040168754,1.0105744014015203,0.9229165913880931,0.9476346254036924
5,MAE,0.01,10,0.5,10,1.161914995382514,1.0630598878008204,0.971407387275293,0.9971489169558562
5,MAE,0.01,10,10,0.1,0.8815343072873147,0.9292832797904143,0.8611348873935404,0.8803939128925513
5,MAE,0.01,10,10,10,1.3734279429502196,1.1450864213462593,1.0015921274115576,1.0340535052027033
5,MAE,0.1,0.1,0.5,0.1,11.705291619061192,3.2321168361022496,1.8898696077324468,1.9903751877036542
5,MAE,0.1,0.1,0.5,10,12.050402230823364,3.277982394512219,1.9034417341825358,2.005160686823102
5,MAE,0.1,0.1,10,0.1,12.874159787764775,3.3872655464613324,1.952082694169019,2.057507005511735
5,MAE,0.1,0.1,10,10,12.77740760653204,3.37379791533358,1.9439967742040136,2.0487946523477745
5,MAE,0.1,10,0.5,0.1,5.15528393867546,2.1516691534186583,1.4255651501945583,1.5020116030927817
5,MAE,0.1,10,0.5,10,5.642971698236253,2.2524128470472635,1.4268694925320222,1.5016512117116714
5,MAE,0.1,10,10,0.1,4.658388624897553,2.053352390866052,1.3410267418676072,1.4045200154030921
5,MAE,0.1,10,10,10,5.749701215351471,2.2768679166506645,1.4703552422450517,1.5381698050110644
5,MAE,1,0.1,0.5,0.1,23.049066387683787,4.52753842697274,2.4060330966060035,2.544706614694525
5,MAE,1,0.1,0.5,10,14.417848183118416,3.5843159643908553,2.031576844131215,2.1416810235625543
5,MAE,1,0.1,10,0.1,26.602329373756934,4.863064019184587,2.5330916899847007,2.681322513537969
5,MAE,1,0.1,10,10,15.68148689783826,3.736239335557969,2.081287237791251,2.1958768850233668
5,MAE,1,10,0.5,0.1,6.1445464203481555,2.3397507880697566,1.6988318644794433,1.7933388533611672
5,MAE,1,10,0.5,10,0.7386012265000572,0.8506367527588746,0.7919293951952544,0.7974367886980884
5,MAE,1,10,10,0.1,5.0459234353586035,2.124497233260801,1.5746365642481823,1.6600079162709902
5,MAE,1,10,10,10,4.35507185321264,1.973215331538415,1.5128410651395587,1.5923447632821126
5,MAE,10,0.1,0.5,0.1,32.367192677648795,5.364347050223732,2.692692930339252,2.852460245409711
5,MAE,10,0.1,0.5,10,0.0865159410349039,0.25749213491346384,0.2186434107937257,0.25410468451172524
5,MAE,10,0.1,10,0.1,0.07580020130754403,0.23926913613411102,0.20417800030540606,0.23816909931519695
5,MAE,10,0.1,10,10,99.92572610158031,9.423645255620084,5.071454269126445,5.391469715433698
5,MAE,10,10,0.5,0.1,38.369915856160176,5.832155250126177,3.5473133570557542,3.7625880875811113
5,MAE,10,10,0.5,10,0.03849602125854713,0.1655467532902376,0.1392553145123399,0.16322635615608
5,MAE,10,10,10,0.1,0.03147532701667217,0.14828456778566013,0.12660945357124287,0.14734755891666304
5,MAE,10,10,10,10,0.06585864012216228,0.2217883030577983,0.18857199658929635,0.22060086824352718
10,SmoothL1Loss,0.001,0.1,0.5,0.1,0.029299867021391434,0.1454996493587326,0.12195663816902226,0.1386891865162502
10,SmoothL1Loss,0.001,0.1,0.5,10,0.04265460957373718,0.1729739971788508,0.14945600689955427,0.14283694724049506
10,SmoothL1Loss,0.001,0.1,10,0.1,11856.286345539944,105.46303201632976,38.84713211689074,41.473185067194
10,SmoothL1Loss,0.001,0.1,10,10,0.20242130950230033,0.4186960069418728,0.3449109674641115,0.33763629469449746
10,SmoothL1Loss,0.001,10,0.5,0.1,0.033555567270006116,0.1662387023847059,0.13382698865769038,0.1448809667095071
10,SmoothL1Loss,0.001,10,0.5,10,0.04793290965465999,0.18549337239305752,0.15964501070570222,0.15268918313263377
10,SmoothL1Loss,0.001,10,10,0.1,0.32756088286420176,0.5291950391953479,0.4772908285559171,0.5275635188594325
10,SmoothL1Loss,0.001,10,10,10,82519.08003193622,276.11388293952115,83.92649248406413,88.88476177912806
10,SmoothL1Loss,0.01,0.1,0.5,0.1,0.8074275514057895,0.8892632328487979,0.8079110826639395,0.8260130723950365
10,SmoothL1Loss,0.01,0.1,0.5,10,0.8341194290818807,0.9025227648273142,0.8104910837750584,0.8307016798640763
10,SmoothL1Loss,0.01,0.1,10,0.1,1.0096473488170004,0.9876477254687428,0.8744319248946356,0.8993590521750364
10,SmoothL1Loss,0.01,0.1,10,10,1.047891359863921,1.003980852677578,0.8740903606323243,0.9002946164459886
10,SmoothL1Loss,0.01,10,0.5,0.1,1.5484168377681469,1.1859366831370075,0.9540676892275713,0.9978974204994556
10,SmoothL1Loss,0.01,10,0.5,10,9.843714849449647,2.9569242575232524,1.9161373155733912,2.019914382428955
10,SmoothL1Loss,0.01,10,10,0.1,11.554328501469126,3.198495306035042,1.8886108896113625,1.9941145399452092
10,SmoothL1Loss,0.01,10,10,10,0.9628040959683414,0.9669973166837987,0.8587943925204574,0.8854868684741724
10,SmoothL1Loss,0.1,0.1,0.5,0.1,18.503214700538596,4.049161418242435,2.3718837093605627,2.513235646072411
10,SmoothL1Loss,0.1,0.1,0.5,10,16.403559603640723,3.8142322144709313,2.2746960246489194,2.408873812648612
10,SmoothL1Loss,0.1,0.1,10,0.1,16.026216736735705,3.7720824711184577,2.154486417025115,2.2805205380946485
10,SmoothL1Loss,0.1,0.1,10,10,20.51806851311764,4.263907705246983,2.4480764084834403,2.5952690975579253
10,SmoothL1Loss,0.1,10,0.5,0.1,98.95086969432627,9.395734133645279,4.239027745578258,4.516387566847587
10,SmoothL1Loss,0.1,10,0.5,10,96.95933945508418,9.28349495395565,5.023348078765858,5.350726132787617
10,SmoothL1Loss,0.1,10,10,0.1,12.291764572654564,3.304773786654138,2.128250165243565,2.2511554949954777
10,SmoothL1Loss,0.1,10,10,10,12.730717848171208,3.3615691581421525,2.1541238022052824,2.2779217988537
10,SmoothL1Loss,1,0.1,0.5,0.1,19.79350950303359,4.197978567693413,2.3032764740756324,2.439890291991238
10,SmoothL1Loss,1,0.1,0.5,10,23.29542815465674,4.549948025085632,2.3972124849398533,2.5409624918392684
10,SmoothL1Loss,1,0.1,10,0.1,26.444927747416955,4.849128685298638,2.564201999452358,2.717050733602307
10,SmoothL1Loss,1,0.1,10,10,20.954620792129102,4.316950270784292,2.2894543082650918,2.422155739680878
10,SmoothL1Loss,1,10,0.5,0.1,7.360707186772928,2.563832320073546,1.9094633062740178,2.026692777043644
10,SmoothL1Loss,1,10,0.5,10,170.40133410283454,12.331690624956094,6.357506965447707,6.7626681445662395
10,SmoothL1Loss,1,10,10,0.1,6.076779540107067,2.3302609849007454,1.6368143672650093,1.7251547400367835
10,SmoothL1Loss,1,10,10,10,125.74027860111902,10.555904794437062,6.17618227383976,6.600105217463472
10,SmoothL1Loss,10,0.1,0.5,0.1,15.87106767840412,3.7575883055200587,2.0604319773298134,2.180371320817435
10,SmoothL1Loss,10,0.1,0.5,10,1.8895739850194389,1.3357792724470625,1.0986136029039715,1.1353538176862332
10,SmoothL1Loss,10,0.1,10,0.1,3.7022601788944947,1.8331710126019403,1.3129705609395468,1.371768589793258
10,SmoothL1Loss,10,0.1,10,10,15.126575175390007,3.671740891716142,2.0498145133900882,2.1616867718450115
10,SmoothL1Loss,10,10,0.5,0.1,0.0624220881084777,0.21490802883272866,0.1837146036009283,0.2153126640958923
10,SmoothL1Loss,10,10,0.5,10,0.7532479377255986,0.8571073787540742,0.8025589530842818,0.8052950372094579
10,SmoothL1Loss,10,10,10,0.1,8.23362844775177,2.713950101813551,2.4149120456374127,2.529484592816374
10,SmoothL1Loss,10,10,10,10,3.988024436796564,1.8907468158927738,1.446412299530275,1.5170134875815444
10,MSE,0.001,0.1,0.5,0.1,0.6093576000313295,0.7547168796817099,0.6504922885043612,0.6752143332596945
10,MSE,0.001,0.1,0.5,10,3.4368135085008427,1.5807318074019638,0.7663340242678142,0.8011057479199034
10,MSE,0.001,0.1,10,0.1,1.3791987860042214,1.1052773633859188,0.7495876246097797,0.8131597071298098
10,MSE,0.001,0.1,10,10,50.76693971536449,6.268256996211439,2.586564318615901,2.6768309196186104
10,MSE,0.001,10,0.5,0.1,2.4895439413985536,1.440476573301819,0.8936853887601134,0.961775568157059
10,MSE,0.001,10,0.5,10,0.07356244871296941,0.24208695176800954,0.20064483024995036,0.23137911043053075
10,MSE,0.001,10,10,0.1,0.3152018786161252,0.5189019243098092,0.43358995393327493,0.4829540189083669
10,MSE,0.001,10,10,10,3.621922863281587,1.8710388039634351,1.1347699445020403,1.2052180665632601
10,MSE,0.01,0.1,0.5,0.1,0.640206755167338,0.7928706348480618,0.7120751578861279,0.7197170462260566
10,MSE,0.01,0.1,0.5,10,0.29592787980569973,0.5115285076400325,0.44370124339611344,0.4391256436485951
10,MSE,0.01,0.1,10,0.1,0.3609237649493819,0.5689005361355757,0.46975298817079214,0.4689863805508866
10,MSE,0.01,0.1,10,10,0.5348905984588996,0.7096736321402355,0.6399267710674862,0.6396446298550549
10,MSE,0.01,10,0.5,0.1,0.21512123355021334,0.4292475367012408,0.37083194646183243,0.36206533670820673
10,MSE,0.01,10,0.5,10,0.6041114808268077,0.7591352228778402,0.696165737571381,0.6970957194724988
10,MSE,0.01,10,10,0.1,0.050335061763777805,0.1895598962350156,0.16311703499839353,0.15531187873322352
10,MSE,0.01,10,10,10,0.17204771281024744,0.40007579548941224,0.29389832964708906,0.2912649581817512
10,MSE,0.1,0.1,0.5,0.1,17.76126526360104,3.960168392596568,3.221931270146377,3.3481051673075966
10,MSE,0.1,0.1,0.5,10,12.803516759860194,3.3675094034028494,2.052938193919829,2.1721496165847745
10,MSE,0.1,0.1,10,0.1,7.785008192526844,2.632301055308055,1.6791875859736987,1.77138598797233
10,MSE,0.1,0.1,10,10,3.848709271691024,1.8474114835432993,1.3107709488697483,1.3763396737011921
10,MSE,0.1,10,0.5,0.1,108.00163460920929,9.812339040645154,4.782670165128312,5.092641442752025
10,MSE,0.1,10,0.5,10,1.4440944977390218,1.163987616748057,0.965977852436319,1.0079741219878442
10,MSE,0.1,10,10,0.1,31.969583016742497,5.32964245988991,2.707003386362772,2.8752732830407037
10,MSE,0.1,10,10,10,60.96854877584904,7.364685886497151,3.749115024909671,3.9909580059309233
10,MSE,1,0.1,0.5,0.1,0.909736749791621,0.9292149961887627,0.8323685944330248,0.8531117274472142
10,MSE,1,0.1,0.5,10,0.5222182497463502,0.6990442918435885,0.6296255455142432,0.6295360273599975
10,MSE,1,0.1,10,0.1,0.033513803719660985,0.15337973679999983,0.13152055261925844,0.15365296929568228
10,MSE,1,0.1,10,10,0.6622433594382034,0.7975311215199105,0.7376093979196506,0.7396714723380253
10,MSE,1,10,0.5,0.1,5.844527600335729,2.2150190308517805,1.5134726936231302,1.6062498107262588
10,MSE,1,10,0.5,10,0.8718516810085009,0.9211405117963435,0.8174652514687767,0.8343113040188594
10,MSE,1,10,10,0.1,5.826744182111147,2.2730307368584017,1.4325194728286912,1.5002362740273005
10,MSE,1,10,10,10,0.9759839193714515,0.9790708357498963,0.921970897126067,0.9418942303897491
10,MSE,10,0.1,0.5,0.1,0.5531364016766566,0.723531085464011,0.6559902357498691,0.6561356350001236
10,MSE,10,0.1,0.5,10,0.428046234635809,0.6263495848733527,0.5591633803398981,0.5573860535334694
10,MSE,10,0.1,10,0.1,0.6860879239550903,0.8156025066628583,0.753540050039626,0.7555151471957652
10,MSE,10,0.1,10,10,0.38139638066785486,0.5871097686420951,0.5209801626320295,0.518121550191952
10,MSE,10,10,0.5,0.1,0.13408347989735245,0.32750819189743474,0.27644099039979037,0.3167747723952227
10,MSE,10,10,0.5,10,0.1592772829398754,0.35958393918323156,0.30332373690469333,0.34556833240702783
10,MSE,10,10,10,0.1,0.11930251484106282,0.3070370616977888,0.2605613017543983,0.299779169576247
10,MSE,10,10,10,10,0.12004853109617297,0.3082494464892761,0.260052713429133,0.2992168845276375
10,MAE,0.001,0.1,0.5,0.1,1.6355687758083934,1.2142109590950527,0.6753718590236772,0.7111307432754093
10,MAE,0.001,0.1,0.5,10,0.04199035776724831,0.17205837369000196,0.14764914784557923,0.14166560415552554
10,MAE,0.001,0.1,10,0.1,15752.992457027143,43.123273620149014,13.936137413003621,14.476481906715561
10,MAE,0.001,0.1,10,10,0.38110974913574697,0.5767221897812701,0.49610167732600574,0.5454775584161178
10,MAE,0.001,10,0.5,0.1,149994312.8640028,7323.424589884292,1638.0679073916392,1752.7322286164922
10,MAE,0.001,10,0.5,10,0.058080634678833315,0.21684631598605897,0.16501031510996358,0.16170546799147326
10,MAE,0.001,10,10,0.1,0.07220223872975455,0.23038311110974496,0.19779742639067613,0.1867825615332304
10,MAE,0.001,10,10,10,0.13059162221207807,0.33376841085459,0.2840593513374688,0.278633729349036
10,MAE,0.01,0.1,0.5,0.1,1.1281281760577997,1.0437004213002532,0.9363188284079732,0.9639697688369376
10,MAE,0.01,0.1,0.5,10,0.7778358084703613,0.8751044908928419,0.804111769237718,0.8185712737388697
10,MAE,0.01,0.1,10,0.1,1.4762986572981585,1.1837630861179198,1.0203054699915157,1.054913262674564
10,MAE,0.01,0.1,10,10,1.2772602233025196,1.105262247389473,0.9722260502494531,1.0032906105045034
10,MAE,0.01,10,0.5,0.1,1.0252230698262388,0.9980803720018389,0.9078236052569031,0.9326914299480865
10,MAE,0.01,10,0.5,10,1.0847442263279448,1.0259768910294194,0.9331875758293852,0.9587963728188683
10,MAE,0.01,10,10,0.1,1.5518900649274483,1.207372439749498,1.0191594669949608,1.0553398360673594
10,MAE,0.01,10,10,10,1.3347195507254281,1.128679330485719,0.9889158267125328,1.020936759872439
10,MAE,0.1,0.1,0.5,0.1,9.938488270551801,2.979949827103518,1.7917345197840424,1.8861166384983514
10,MAE,0.1,0.1,0.5,10,9.573400526092248,2.9257261648775796,1.77156131098141,1.8645409895175393
10,MAE,0.1,0.1,10,0.1,9.817155867623484,2.961004256976329,1.781600791113669,1.8760606974981564
10,MAE,0.1,0.1,10,10,10.548719187609603,3.0684964192365562,1.8247963448565059,1.9220499167779423
10,MAE,0.1,10,0.5,0.1,7.049250760545463,2.5156681710610895,1.6046363823456748,1.6837961908928023
10,MAE,0.1,10,0.5,10,9.611262687746047,2.930079768723232,1.7726503702136869,1.8650177753891155
10,MAE,0.1,10,10,0.1,9.573133555771735,2.9242533090189373,1.7696621429313453,1.8614860618939275
10,MAE,0.1,10,10,10,7.794506766510516,2.643583348454965,1.6530522113452273,1.7356578551449486
10,MAE,1,0.1,0.5,0.1,13.569346870060258,3.4785592761700874,1.9780753753678766,2.0849639749872506
10,MAE,1,0.1,0.5,10,18.4920566588921,4.0581621363875495,2.2022191764772705,2.3258359784001716
10,MAE,1,0.1,10,0.1,55.872252408441554,7.046064812707769,3.751280656899562,3.9831759852958446
10,MAE,1,0.1,10,10,15.411044114760386,3.7047405723322884,2.0654689007491482,2.178981547783697
10,MAE,1,10,0.5,0.1,30.387650840203044,5.2060958359173775,2.9946406246326367,3.179679693651881
10,MAE,1,10,0.5,10,11.69383103713293,3.2230097447433947,2.0290648743104827,2.143439892373878
10,MAE,1,10,10,0.1,19.96213105202259,4.208121661868115,2.4619732978350863,2.6054804043881066
10,MAE,1,10,10,10,9.333720539375323,2.881083322080701,1.8752369585699045,1.9830385621304465
10,MAE,10,0.1,0.5,0.1,16.99214510185097,3.8902379767982493,2.1322731604053895,2.251248205110329
10,MAE,10,0.1,0.5,10,22.172298295405312,4.442729626099199,2.343796625332313,2.477915722731956
10,MAE,10,0.1,10,0.1,19.86102164936443,4.202946189840709,2.2614557204716816,2.3898328710220698
10,MAE,10,0.1,10,10,40.94310954449578,6.032533994938608,3.087587044747802,3.274979597938954
10,MAE,10,10,0.5,0.1,2.5799252307060914,1.5451775732822723,1.1906819205297534,1.2370301269978712
10,MAE,10,10,0.5,10,0.04105509292260153,0.17051122835555294,0.14512693340378485,0.17082534257534696
10,MAE,10,10,10,0.1,0.027849720203243347,0.1390004451583588,0.11897859608686608,0.13698346185560753
10,MAE,10,10,10,10,20.059882819208966,4.218063766989194,2.597540067216634,2.7473929870967315
20,SmoothL1Loss,0.001,0.1,0.5,0.1,0.2959806756412327,0.5099311596368947,0.4495159364022616,0.44440010989739803
20,SmoothL1Loss,0.001,0.1,0.5,10,0.45750829219181616,0.6519746830288536,0.5752287490482895,0.5742902010726282
20,SmoothL1Loss,0.001,0.1,10,0.1,0.7407457348341441,0.8527511640539557,0.7547812923942315,0.773340962499707
20,SmoothL1Loss,0.001,0.1,10,10,0.752760512613275,0.859861738402388,0.769944348967574,0.7832772915109437
20,SmoothL1Loss,0.001,10,0.5,0.1,0.43167053569008396,0.6311092205467187,0.5663239905089014,0.5640468167868585
20,SmoothL1Loss,0.001,10,0.5,10,0.5353251169220927,0.7130694085959515,0.6354312382553967,0.6481481895476096
20,SmoothL1Loss,0.001,10,10,0.1,0.5556901367660378,0.7306607455909484,0.6530552394176886,0.6640256537086205
20,SmoothL1Loss,0.001,10,10,10,0.41584094814443046,0.6186785423261045,0.5571529659849994,0.5547041771186435
20,SmoothL1Loss,0.01,0.1,0.5,0.1,1.2786284856276275,1.0944926266340576,0.911350176746347,0.9476620457045829
20,SmoothL1Loss,0.01,0.1,0.5,10,0.8641880878246347,0.9026913211457951,0.7640158145080334,0.792265814119648
20,SmoothL1Loss,0.01,0.1,10,0.1,1.0108248310958952,0.9789812357040053,0.8346495396365738,0.8656215010177372
20,SmoothL1Loss,0.01,0.1,10,10,2.6590093405950825,1.5555397721278883,1.1819911265770033,1.236857575079951
20,SmoothL1Loss,0.01,10,0.5,0.1,7.538295764611227,2.585465139177333,1.7118647936331592,1.8047348790875135
20,SmoothL1Loss,0.01,10,0.5,10,17.000625572067065,3.877633715737156,2.2245458796162323,2.3548213237640274
20,SmoothL1Loss,0.01,10,10,0.1,21.985632660770662,4.411705791350048,2.4945764327374387,2.6422928640150407
20,SmoothL1Loss,0.01,10,10,10,15.10985083733898,3.6468210689891336,2.2208424336836834,2.350690097211429
20,SmoothL1Loss,0.1,0.1,0.5,0.1,13.126344049922043,3.4144378030955287,2.2097875936070146,2.345595004248616
20,SmoothL1Loss,0.1,0.1,0.5,10,16.103991162420304,3.7774519654505996,2.3725190194760315,2.5189853054772273
20,SmoothL1Loss,0.1,0.1,10,0.1,6.949597085467165,2.4965304727300683,1.7212807168258502,1.8177438119370928
20,SmoothL1Loss,0.1,0.1,10,10,8.411033957021584,2.7400434176302144,1.8354207933428122,1.9399901524318404
20,SmoothL1Loss,0.1,10,0.5,0.1,37.12638565638762,5.75952405817952,3.9417224930462837,4.21508848799958
20,SmoothL1Loss,0.1,10,0.5,10,3.323225969393139,1.7346357147920668,1.3390414919730973,1.4144753933967706
20,SmoothL1Loss,0.1,10,10,0.1,37.007592757040065,5.739951542203036,3.9066604059063628,4.1776842471332305
20,SmoothL1Loss,0.1,10,10,10,34.76837295232518,5.5665614856078225,3.834293088966663,4.103313584048
20,SmoothL1Loss,1,0.1,0.5,0.1,3.305879527129403,1.741349272540109,1.270652805098998,1.331155034079412
20,SmoothL1Loss,1,0.1,0.5,10,63.476559476964276,7.506586459116183,4.098601378356613,4.364205415967465
20,SmoothL1Loss,1,0.1,10,0.1,15.765125149138381,3.747979408522661,2.2973749888279476,2.430975378122741
20,SmoothL1Loss,1,0.1,10,10,4.20137730274556,1.9503089238206603,1.3294734264568553,1.395191487499912
20,SmoothL1Loss,1,10,0.5,0.1,9.415986393699278,2.8994563024456466,1.983803858189327,2.109730286335235
20,SmoothL1Loss,1,10,0.5,10,1.4481323630648302,1.1795753951594419,1.0082387458746656,1.0432080857806172
20,SmoothL1Loss,1,10,10,0.1,0.7621709123393368,0.8666424131421091,0.8151088238868854,0.8235053800102858
20,SmoothL1Loss,1,10,10,10,232.10041024424888,14.356545139264618,9.098517299977686,9.746287256187394
20,SmoothL1Loss,10,0.1,0.5,0.1,0.02634052502662052,0.13558568141532448,0.11577084351894633,0.1320228638215539
20,SmoothL1Loss,10,0.1,0.5,10,53.6566287710591,6.905816130150468,3.613437184891567,3.8396907775011386
20,SmoothL1Loss,10,0.1,10,0.1,0.2927270662938089,0.5061085438166094,0.44755534391111096,0.4423732885219152
20,SmoothL1Loss,10,0.1,10,10,0.47143286346926966,0.6608076542039739,0.5940701521685007,0.5930826172693233
20,SmoothL1Loss,10,10,0.5,0.1,0.02518294625981586,0.132852551575155,0.11394560994416776,0.11903016648267109
20,SmoothL1Loss,10,10,0.5,10,0.05697862356030405,0.20248389904002304,0.1748369789988446,0.16573436563122967
20,SmoothL1Loss,10,10,10,0.1,0.03627596595266741,0.16035733695575366,0.13720430377310747,0.16075292059344265
20,SmoothL1Loss,10,10,10,10,0.0654749112085585,0.22088596812625824,0.19048369719571404,0.22272900287297143
20,MSE,0.001,0.1,0.5,0.1,0.11255250021967823,0.29582111956722634,0.2576739827260253,0.24627144366034523
20,MSE,0.001,0.1,0.5,10,0.12259654080377223,0.3129969209576121,0.2662162184481235,0.3049915452348313
20,MSE,0.001,0.1,10,0.1,0.2653214038513113,0.46063323544094303,0.2866490740669148,0.3184694008169316
20,MSE,0.001,0.1,10,10,0.03083552395394963,0.15488594731491587,0.12585723772663254,0.13152421861722458
20,MSE,0.001,10,0.5,0.1,4.461643500367625,2.025590308192684,1.0056406411003054,1.045260681301072
20,MSE,0.001,10,0.5,10,0.43458648755283896,0.6333047072837963,0.5690544452160876,0.5669415692770216
20,MSE,0.001,10,10,0.1,0.4430868518246098,0.639123992951355,0.5686433736098054,0.567377643355857
20,MSE,0.001,10,10,10,0.19883148028495462,0.4084905102016846,0.3569940364914605,0.34815644656852063
20,MSE,0.01,0.1,0.5,0.1,2.242032644568991,1.432195494985648,1.1285927356103598,1.1815379209291919
20,MSE,0.01,0.1,0.5,10,2.0471177709905235,1.3656991853736666,1.0656775849428086,1.1154777974135361
20,MSE,0.01,0.1,10,0.1,0.8362558300854425,0.9014455312337243,0.796416074460237,0.8188014307799995
20,MSE,0.01,0.1,10,10,1.8304168992167138,1.3000997613644396,1.0326615692584507,1.0769082542617359
20,MSE,0.01,10,0.5,0.1,16.98035375918615,3.8687082899264853,2.357036158419744,2.5045292840280307
20,MSE,0.01,10,0.5,10,2.158118167992471,1.4125211278220806,1.0619253613950388,1.1058124686102877
20,MSE,0.01,10,10,0.1,18.039047355965163,3.991573979703193,2.5357857368752845,2.6926257715462136
20,MSE,0.01,10,10,10,4.362937621358543,1.979791401027666,1.2976710452859739,1.3649580427347532
20,MSE,0.1,0.1,0.5,0.1,16.91394063255965,3.8584675225764355,2.5076449481749457,2.6659448061090987
20,MSE,0.1,0.1,0.5,10,87.80208113452575,8.842899437216618,4.717726203869322,5.010692847783469
20,MSE,0.1,0.1,10,0.1,1.3758885939189704,1.142953749232518,0.9696524294525731,1.0018512743308483
20,MSE,0.1,0.1,10,10,1.6328642545990701,1.2384672118141429,1.01091941869925,1.049617627148985
20,MSE,0.1,10,0.5,0.1,157.03200454155905,11.82265478207644,6.88578715289872,7.358991137867433
20,MSE,0.1,10,0.5,10,29.576624659900265,5.0689907414552255,2.95415483506565,3.154723428714612
20,MSE,0.1,10,10,0.1,101.59021942679543,9.51434902802212,4.7399437799676525,5.05315803903228
20,MSE,0.1,10,10,10,13.549527751389743,3.4754631894652848,2.355112772644974,2.496585988994112
20,MSE,1,0.1,0.5,0.1,3.264906430229385,1.7185491718640364,1.271156307288567,1.3330644055936465
20,MSE,1,0.1,0.5,10,0.5989993846648,0.7560671701544436,0.6897375823498096,0.6904735023499478
20,MSE,1,0.1,10,0.1,0.4333683998253337,0.6102336229801645,0.5323509882958856,0.5880483514856183
20,MSE,1,0.1,10,10,0.08220682900113219,0.24741889291944308,0.21738214291148203,0.20576910782574673
20,MSE,1,10,0.5,0.1,0.0705865727118347,0.230818129062802,0.1958029982929522,0.22856185238915255
20,MSE,1,10,0.5,10,0.33708277248476926,0.5357932512616046,0.48048813469651813,0.5323093617535914
20,MSE,1,10,10,0.1,0.21695759595255565,0.42423516269086853,0.36853210483226034,0.4147373940054425
20,MSE,1,10,10,10,0.10872597338289675,0.2918388450252847,0.24873206052733796,0.2870257261242164
20,MSE,10,0.1,0.5,0.1,0.6377784867545525,0.7821662408101964,0.7202131767243442,0.7215299012263972
20,MSE,10,0.1,0.5,10,1.3365648626556885,1.1306840419694995,0.9882042358347123,1.0193690417293333
20,MSE,10,0.1,10,0.1,0.7643422039696693,0.8659046172139929,0.803133811933059,0.8148212127231308
20,MSE,10,0.1,10,10,2.2465931670845443,1.4494687064646758,1.119173633187799,1.163456070043959
20,MSE,10,10,0.5,0.1,0.24461595561105173,0.4524212783354749,0.3864285942692558,0.433835977892504
20,MSE,10,10,0.5,10,0.15156293932262369,0.3501127840963831,0.2950164700527352,0.33669114024255464
20,MSE,10,10,10,0.1,0.22100317392592572,0.42837914766582186,0.371738077941109,0.41804177614517235
20,MSE,10,10,10,10,0.1704683168853423,0.3727595951837239,0.3187993461033185,0.3621043872044356
20,MAE,0.001,0.1,0.5,0.1,0.7492998448541487,0.8557307227044445,0.7615534820872701,0.7804807491541872
20,MAE,0.001,0.1,0.5,10,0.48047454177611815,0.669526902642629,0.5993944286751329,0.5984016850802514
20,MAE,0.001,0.1,10,0.1,0.37801470198225867,0.5858963512810722,0.5191085048956137,0.5164981576539787
20,MAE,0.001,0.1,10,10,0.34413909397507775,0.5545522191245745,0.4934921734396677,0.49004695559659067
20,MAE,0.001,10,0.5,0.1,0.42721085243958445,0.627853366387199,0.5602229541165331,0.5585313140761312
20,MAE,0.001,10,0.5,10,0.5797304448752336,0.7456441005685857,0.664688099416638,0.6659161281053299
20,MAE,0.001,10,10,0.1,0.4640739450434296,0.6594923508635144,0.589550561027765,0.5897800351982002
20,MAE,0.001,10,10,10,0.4969563226480174,0.6849342773570353,0.6110730730874396,0.6115061921370607
20,MAE,0.01,0.1,0.5,0.1,2.468484683531221,1.5096573434789242,1.1827528881831584,1.230257401198153
20,MAE,0.01,0.1,0.5,10,2.6342564717989485,1.5576427305065357,1.2055961873135392,1.2547589016205605
20,MAE,0.01,0.1,10,0.1,2.5393120643584166,1.5304873627280173,1.192716580565825,1.2409610495525796
20,MAE,0.01,0.1,10,10,2.6661517993743575,1.5660859931735978,1.2090722614820026,1.2585836316221333
20,MAE,0.01,10,0.5,0.1,1.743117068991012,1.2804062718880835,1.0694843202808728,1.1076614054929725
20,MAE,0.01,10,0.5,10,1.752781779192037,1.2851172207654502,1.0758637857870885,1.1140920128264937
20,MAE,0.01,10,10,0.1,26.467974760577338,4.848862774026026,2.820113269888802,2.9840480900681916
20,MAE,0.01,10,10,10,1.3530947926566155,1.136994323058109,0.9723042804601699,1.0027712835354374
20,MAE,0.1,0.1,0.5,0.1,2.125377726418308,1.40656526152301,1.140932480886724,1.1915959081530307
20,MAE,0.1,0.1,0.5,10,5.021202802267322,2.128115081893221,1.5334677989675063,1.6128102499655939
20,MAE,0.1,0.1,10,0.1,1.3472916563213109,1.1343846628065548,0.9795067022250448,1.016768727652528
20,MAE,0.1,0.1,10,10,3.173321472052564,1.7014760336846566,1.3141232741649167,1.3775314078674374
20,MAE,0.1,10,0.5,0.1,0.7641961237267572,0.8683685094682982,0.7819969096025858,0.8010021314683821
20,MAE,0.1,10,0.5,10,2.8784168736799076,1.6186441847464081,1.2983908893966691,1.373933214112805
20,MAE,0.1,10,10,0.1,1.1262499116865148,1.0365019160345081,0.9314215176704426,0.97421072909907
20,MAE,0.1,10,10,10,1.6510676698024935,1.2388407012916263,1.0386220832725572,1.0907776592455458
20,MAE,1,0.1,0.5,0.1,1.6010295968828463,1.2365802917906101,1.0336894023313221,1.068547015693567
20,MAE,1,0.1,0.5,10,6.080840367694979,2.3417788096074195,1.623271761528464,1.7087874118755795
20,MAE,1,0.1,10,0.1,4.173168429231263,1.9515392343804099,1.3843706360781969,1.4516089046895961
20,MAE,1,0.1,10,10,1.603667071454187,1.2312172313231167,1.043334508853885,1.0848413715407264
20,MAE,1,10,0.5,0.1,0.7363798159697672,0.8512247101571846,0.763038125901615,0.7924033334057808
20,MAE,1,10,0.5,10,23.282871456726397,4.535305391017757,2.725542820974968,2.894845328985666
20,MAE,1,10,10,0.1,45.03089221407178,6.309205404471268,3.9354158578511456,4.20631135448323
20,MAE,1,10,10,10,8.599572286557109,2.7684507288744906,1.776036896161193,1.8736743124708906
20,MAE,10,0.1,0.5,0.1,0.08434131280778948,0.25095834135566086,0.21961920527745493,0.20782976696129707
20,MAE,10,0.1,0.5,10,1.6652244520859503,1.2541747619746577,1.0570905407115485,1.0917433752498054
20,MAE,10,0.1,10,0.1,13.38168460122748,3.4541184016665345,2.0087180341505264,2.115977565481092
20,MAE,10,0.1,10,10,21.679950102921882,4.3907537628710465,2.386992006340142,2.522513001785035
20,MAE,10,10,0.5,0.1,0.2708144920276123,0.4848450122196524,0.4290749498613627,0.4235097317286025
20,MAE,10,10,0.5,10,0.24587145239316016,0.458848398199873,0.40624666836515544,0.39960675335955703
20,MAE,10,10,10,0.1,0.06010188551611174,0.20777287938856098,0.18094359342255617,0.17086600054990575
20,MAE,10,10,10,10,0.06275195724411506,0.21296710739971023,0.18454288073288175,0.17430669100106033
