n_lags,loss,lr,trend_reg,seasonality_reg,ar_reg,mse,rmse,mae,mape
1,SmoothL1Loss,0.001,0.1,0.5,0.1,0.06867607272419747,0.22799107226783935,0.19087623171287052,0.22278651741623628
1,SmoothL1Loss,0.001,0.1,0.5,10,0.03660164797404741,0.159823731403737,0.1388602568142294,0.13506295636389293
1,SmoothL1Loss,0.001,0.1,10,0.1,0.03390947425494101,0.15369275997660328,0.13327817845582624,0.13083465252028953
1,SmoothL1Loss,0.001,0.1,10,10,0.1105405005123152,0.29328804319271146,0.2542710456020587,0.2427365650837265
1,SmoothL1Loss,0.001,10,0.5,0.1,0.02724650099660575,0.1399233707879041,0.11752869259317941,0.132139118665957
1,SmoothL1Loss,0.001,10,0.5,10,0.5576888538579157,0.728233811768846,0.6580244412753414,0.6560374989148199
1,SmoothL1Loss,0.001,10,10,0.1,0.09569445768950928,0.27411490837767855,0.2266627308849463,0.26210911571894535
1,SmoothL1Loss,0.001,10,10,10,0.03876218518432048,0.16480572056025974,0.14340479947355553,0.1388507446475335
1,SmoothL1Loss,0.01,0.1,0.5,0.1,0.6646649079811389,0.803447848448279,0.7315640928349114,0.7349798521039975
1,SmoothL1Loss,0.01,0.1,0.5,10,0.7210954510633927,0.8415424016915181,0.7685095749882248,0.7809740094399377
1,SmoothL1Loss,0.01,0.1,10,0.1,0.8911112046914856,0.9307253725464645,0.8289761632992855,0.8518495596078018
1,SmoothL1Loss,0.01,0.1,10,10,0.6953585960063454,0.8249578997059973,0.7478906987904507,0.7563330477720558
1,SmoothL1Loss,0.01,10,0.5,0.1,12.232701113109822,3.2966927014293494,1.986307055035852,2.0973233453816906
1,SmoothL1Loss,0.01,10,0.5,10,7.420912246652386,2.5665119580939,1.650106132814422,1.7377051082720578
1,SmoothL1Loss,0.01,10,10,0.1,2.1335921409148852,1.3866714409322045,1.0855247168751707,1.1372281649887916
1,SmoothL1Loss,0.01,10,10,10,2.2036257702727036,1.4128723775953271,1.0578396110431232,1.1047560168831492
1,SmoothL1Loss,0.1,0.1,0.5,0.1,9.789598627329836,2.95279425539483,1.7454144669264566,1.8415538279166648
1,SmoothL1Loss,0.1,0.1,0.5,10,13.317898704409656,3.439282463694805,1.945078418214711,2.056123052093266
1,SmoothL1Loss,0.1,0.1,10,0.1,12.809881692775337,3.375600272136618,1.910400877463665,2.0168729721618104
1,SmoothL1Loss,0.1,0.1,10,10,10.540485269298458,3.06189611260887,1.799585939170812,1.8995938248660966
1,SmoothL1Loss,0.1,10,0.5,0.1,18.779218679948738,4.073653291742215,2.6688116941612683,2.828320224107417
1,SmoothL1Loss,0.1,10,0.5,10,10.23813486161675,3.0072637857722113,2.11237117353237,2.2348536678915876
1,SmoothL1Loss,0.1,10,10,0.1,19.0966849075158,4.107057777955021,2.6935191425469283,2.8555219919391583
1,SmoothL1Loss,0.1,10,10,10,17.34891927577458,3.914159613335078,2.5939808902262924,2.748942299742312
1,SmoothL1Loss,1,0.1,0.5,0.1,25.992238066838837,4.804773422935405,2.4937891782743526,2.645460278437435
1,SmoothL1Loss,1,0.1,0.5,10,16.87774459052348,3.872794223447338,2.1234465685477257,2.248938302142002
1,SmoothL1Loss,1,0.1,10,0.1,28.290604179892906,5.013038881759483,2.578294951130391,2.7336115835824897
1,SmoothL1Loss,1,0.1,10,10,14.975729740923525,3.6487334006228513,2.0435119047639345,2.16042634659421
1,SmoothL1Loss,1,10,0.5,0.1,39.51483144122855,5.915193235167652,3.7412247313485136,3.979742051755615
1,SmoothL1Loss,1,10,0.5,10,37.1506267607503,5.73591898186966,3.5704626503533343,3.791997830399501
1,SmoothL1Loss,1,10,10,0.1,36.96141604351358,5.719839971469067,3.5688964828288166,3.7905582251493004
1,SmoothL1Loss,1,10,10,10,44.55596500338518,6.282590825329265,3.884205437880707,4.128716909490604
1,SmoothL1Loss,10,0.1,0.5,0.1,14.717864565696607,3.6146366813635553,2.1255436869165685,2.2482588389290985
1,SmoothL1Loss,10,0.1,0.5,10,0.1448603987689257,0.3415792294696781,0.2959510465424106,0.28516368919203605
1,SmoothL1Loss,10,0.1,10,0.1,0.03342507049502892,0.15256984146484961,0.13233236241989557,0.13022657084033215
1,SmoothL1Loss,10,0.1,10,10,0.03265115471076895,0.1523544451820492,0.12813013308647195,0.14869807054012782
1,SmoothL1Loss,10,10,0.5,0.1,0.17651033750988226,0.38052190996359686,0.3149383196788891,0.357954628860212
1,SmoothL1Loss,10,10,0.5,10,0.24328734005864405,0.4513390949921332,0.37669516982692286,0.42372191672346626
1,SmoothL1Loss,10,10,10,0.1,0.26369709019037074,0.4707824125796773,0.39646582876607867,0.44467805746514255
1,SmoothL1Loss,10,10,10,10,0.3712985827936343,0.5630912148890141,0.4830081550301644,0.536085172361659
1,MSE,0.001,0.1,0.5,0.1,0.4464319843886485,0.624322278036312,0.5662698838316259,0.6162079059272106
1,MSE,0.001,0.1,0.5,10,0.24294979483703014,0.45179843010294934,0.36926259996690786,0.4156000533677315
1,MSE,0.001,0.1,10,0.1,0.25666554328395147,0.46652572170641404,0.3758329316403603,0.421366943056455
1,MSE,0.001,0.1,10,10,0.10011481760656239,0.28059609255142187,0.2310968521007836,0.26709565781576633
1,MSE,0.001,10,0.5,0.1,0.024838317948979637,0.13268231782362588,0.11354690003431704,0.12258364234224563
1,MSE,0.001,10,0.5,10,0.28011707909560296,0.4869182255844678,0.4030024974181692,0.4517280945331703
1,MSE,0.001,10,10,0.1,0.2536878721771732,0.46261947502037126,0.39655790392413576,0.4434390673763081
1,MSE,0.001,10,10,10,0.1470579864865779,0.3453670363966201,0.28425445972825014,0.3249678921291757
1,MSE,0.01,0.1,0.5,0.1,0.5752695320119803,0.740734882833432,0.6713910362808793,0.6715974775869189
1,MSE,0.01,0.1,0.5,10,0.1482742870791777,0.3452554338350927,0.3021519087693306,0.2913945353300306
1,MSE,0.01,0.1,10,0.1,0.34938983202241986,0.5600967872395964,0.4937040844337915,0.489883721055738
1,MSE,0.01,0.1,10,10,0.6083255521108045,0.7631918712396785,0.6952495150491588,0.6960280785030325
1,MSE,0.01,10,0.5,0.1,0.9885914463178008,0.934750718516853,0.7129477983146204,0.740651799072087
1,MSE,0.01,10,0.5,10,0.03825065241135276,0.1641506391340054,0.1457741238469195,0.14197052005497315
1,MSE,0.01,10,10,0.1,0.6303928304438523,0.7820952423320325,0.7054865612468083,0.7175662131737758
1,MSE,0.01,10,10,10,0.39944301891127215,0.6049312929958489,0.5374453645888353,0.5346769757045015
1,MSE,0.1,0.1,0.5,0.1,1.0981419585264578,1.0315728566956,0.927479871120573,0.9539596363349178
1,MSE,0.1,0.1,0.5,10,1.3369854095429023,1.1297011912554908,0.9708897429412147,1.0022387519944973
1,MSE,0.1,0.1,10,0.1,0.867740936263388,0.9215166486385348,0.8435691751670433,0.8633774870224693
1,MSE,0.1,0.1,10,10,1.5377880680410505,1.202887984199446,0.9797378134940287,1.0159898720387084
1,MSE,0.1,10,0.5,0.1,82.14653589353263,8.53857646104615,5.102460923723478,5.451425417297706
1,MSE,0.1,10,0.5,10,34.195929252246074,5.494986058932072,3.5217433607982715,3.7560035530408404
1,MSE,0.1,10,10,0.1,50.15548763928925,6.676586056368507,3.5339970557408114,3.7537475618885376
1,MSE,0.1,10,10,10,43.456570901480454,6.19751713823253,3.8965743087566165,4.155669214531302
1,MSE,1,0.1,0.5,0.1,0.15795612327165803,0.35709373884115375,0.31598099607802144,0.3056368450631402
1,MSE,1,0.1,0.5,10,298.48011793061585,16.373613758153013,14.986947839371252,15.699889170556622
1,MSE,1,0.1,10,0.1,0.027675700615603826,0.13866162603379129,0.11989967876821063,0.12207188404432208
1,MSE,1,0.1,10,10,0.32203676560534483,0.5319562315993227,0.47519221865213246,0.4711807391492067
1,MSE,1,10,0.5,0.1,0.20508971619868152,0.412093055011887,0.34510504677196896,0.3901576565436667
1,MSE,1,10,0.5,10,0.2325228579588673,0.44081928499067574,0.3660607600156597,0.4123769880443645
1,MSE,1,10,10,0.1,0.2238492421454339,0.4318456305992388,0.3605697006581905,0.4065869727342942
1,MSE,1,10,10,10,0.07162461817901325,0.23301757620914554,0.19644958208894953,0.22911557114834571
1,MSE,10,0.1,0.5,0.1,0.05605041086367667,0.20199853870506335,0.18759530497176855,0.18037432903710646
1,MSE,10,0.1,0.5,10,0.0569323294260344,0.20365646167858056,0.1892991748079091,0.18188740210443377
1,MSE,10,0.1,10,0.1,0.05595084660288555,0.20181001566357415,0.1874010472999621,0.18020130151066
1,MSE,10,0.1,10,10,0.05464287827229576,0.19933382774912067,0.18485405658927417,0.17795378072694412
1,MSE,10,10,0.5,0.1,0.05465430729973346,0.1993551299441689,0.18487575175855808,0.17797234505982676
1,MSE,10,10,0.5,10,0.10676614834867743,0.2893301787282415,0.2401034653428381,0.27746901644811095
1,MSE,10,10,10,0.1,0.47128196881759854,0.6546531650891014,0.622881651950432,0.6227084252178713
1,MSE,10,10,10,10,0.04976774056049438,0.18991709134096407,0.1751114298048786,0.16948577997151207
1,MAE,0.001,0.1,0.5,0.1,0.16529333414569886,0.3690672950211437,0.29193228240304214,0.332881486103094
1,MAE,0.001,0.1,0.5,10,0.19741457980348529,0.4059131497816142,0.3572887799671276,0.34839433735339065
1,MAE,0.001,0.1,10,0.1,0.02587474653529236,0.13655814962878235,0.11486424089113699,0.12665389812756453
1,MAE,0.001,0.1,10,10,0.052985980326975865,0.19464748711598018,0.16858788626321297,0.16006410096126703
1,MAE,0.001,10,0.5,0.1,0.09498354511198517,0.2696339908032776,0.2321668462791816,0.2206875469006118
1,MAE,0.001,10,0.5,10,0.029662220277592147,0.14374541163634313,0.12439776267992778,0.12472040052205319
1,MAE,0.001,10,10,0.1,0.17455399769634586,0.38226102619039365,0.32560267031849205,0.31766123765078813
1,MAE,0.001,10,10,10,0.07379256027647998,0.24069519566740566,0.18702472708860415,0.21709484722738864
1,MAE,0.01,0.1,0.5,0.1,1.0058659803451604,0.9895724057342247,0.9029431943540782,0.9270008368560967
1,MAE,0.01,0.1,0.5,10,1.1381727049039254,1.0494700052091204,0.9450228484223784,0.9722978212105121
1,MAE,0.01,0.1,10,0.1,0.8150473841936966,0.8940151154186667,0.8229561201878816,0.8401606129098638
1,MAE,0.01,0.1,10,10,1.173258628179331,1.0640539101816324,0.9531285685907324,0.9814296954101634
1,MAE,0.01,10,0.5,0.1,0.998587216383591,0.9867133792446859,0.9057479357580581,0.928986414714958
1,MAE,0.01,10,0.5,10,0.8580464900307957,0.916111458877024,0.8444851816732422,0.8640971223425307
1,MAE,0.01,10,10,0.1,1.1066476946329091,1.0265798210062673,0.9065915262028253,0.9357807300134762
1,MAE,0.01,10,10,10,1.0567240436225147,1.0125264395608677,0.9210453591264768,0.9465832107357622
1,MAE,0.1,0.1,0.5,0.1,12.410074298408707,3.3264213583572917,1.9285754852101387,2.031858420048661
1,MAE,0.1,0.1,0.5,10,11.666095422829478,3.225749281451018,1.8876884915536563,1.9880739860405838
1,MAE,0.1,0.1,10,0.1,12.571091326654225,3.3469337780797104,1.9338782726791623,2.0378161277056517
1,MAE,0.1,0.1,10,10,11.680600968889673,3.2273200874676875,1.8875088224313925,1.9878517865621035
1,MAE,0.1,10,0.5,0.1,8.139383151023301,2.6859417239957395,1.8707398204807846,1.9800483020183821
1,MAE,0.1,10,0.5,10,6.480127557319169,2.400876251241935,1.7012350104017948,1.7979724763670493
1,MAE,0.1,10,10,0.1,8.581077382290102,2.7559290704871624,1.9300942918698492,2.0425700764670447
1,MAE,0.1,10,10,10,6.0616734498514635,2.3234323001648587,1.663503611364168,1.7572788382717957
1,MAE,1,0.1,0.5,0.1,25.872648266765708,4.797552724477177,2.4852838522005287,2.6303520783619563
1,MAE,1,0.1,0.5,10,20.3559954333289,4.25566481737234,2.287353595270844,2.417489812719106
1,MAE,1,0.1,10,0.1,27.555565937075755,4.949781617705084,2.5680679385891545,2.7187513218696897
1,MAE,1,0.1,10,10,19.67767737761573,4.184440767410918,2.2698671989699553,2.398937354062932
1,MAE,1,10,0.5,0.1,15.38932800253378,3.6872553972936615,2.4510459802874753,2.5971124808521955
1,MAE,1,10,0.5,10,1.9705432817642592,1.355868882967229,1.0607170111419382,1.1064653799659958
1,MAE,1,10,10,0.1,3.1249089262941134,1.6827991504480564,1.2883746936193745,1.3551078707036688
1,MAE,1,10,10,10,1.810116993004904,1.3050608764077707,1.0356446282719036,1.0741032471736573
1,MAE,10,0.1,0.5,0.1,0.026980619225187623,0.1390348748006301,0.11700801311505853,0.13151382238557116
1,MAE,10,0.1,0.5,10,0.03739667420829174,0.16554386213378092,0.13625975625329453,0.1582513056794572
1,MAE,10,0.1,10,0.1,33.00708348916477,5.41648928111948,2.808097072335814,2.9754414339780606
1,MAE,10,0.1,10,10,0.8477633347706887,0.9101899354668953,0.8744561224256977,0.879141567721869
1,MAE,10,10,0.5,0.1,0.17318162435806653,0.37807479491036977,0.30339932541463677,0.34518790612102873
1,MAE,10,10,0.5,10,0.047712985300619376,0.18918395898179918,0.15145914953229808,0.1766304480943765
1,MAE,10,10,10,0.1,0.24219258897938242,0.45113192498164867,0.36718839367118994,0.4133862857480543
1,MAE,10,10,10,10,0.21113017919337024,0.41899128203686453,0.3454463751427566,0.39042082858568883
3,SmoothL1Loss,0.001,0.1,0.5,0.1,0.1286235978770942,0.34274677453055413,0.23093418690381942,0.25139648177594254
3,SmoothL1Loss,0.001,0.1,0.5,10,0.027975281993824288,0.14124043117348212,0.12030756450881551,0.13776885401450045
3,SmoothL1Loss,0.001,0.1,10,0.1,0.02644100842714569,0.13588872660668477,0.1171017423865513,0.12057500309501445
3,SmoothL1Loss,0.001,0.1,10,10,0.09304065217273473,0.2657141641210141,0.23181543337622362,0.2201916282977797
3,SmoothL1Loss,0.001,10,0.5,0.1,0.026789888130483015,0.13648789165580774,0.11686809125427704,0.11958774900160615
3,SmoothL1Loss,0.001,10,0.5,10,82332.92529637352,57.67939869030191,18.106431217689305,18.23545631777201
3,SmoothL1Loss,0.001,10,10,0.1,3.803521462252148,1.7764715760127603,0.8501706558027694,0.9274874102424103
3,SmoothL1Loss,0.001,10,10,10,0.17408040314271397,0.3785713660827941,0.3299370964048226,0.32026098289246563
3,SmoothL1Loss,0.01,0.1,0.5,0.1,0.7306951107918126,0.8467059916549097,0.7738055505729281,0.7849900121902297
3,SmoothL1Loss,0.01,0.1,0.5,10,0.765531286117604,0.8669925788235145,0.7963329533901317,0.8100097368052244
3,SmoothL1Loss,0.01,0.1,10,0.1,0.6936366958271633,0.8239209097463596,0.7463972828448541,0.7547961010256244
3,SmoothL1Loss,0.01,0.1,10,10,1.502231001595668,1.1891769803354042,0.9859787852604861,1.021311189252555
3,SmoothL1Loss,0.01,10,0.5,0.1,0.7715393961270448,0.8701900128005727,0.7969908151370081,0.8131935329779779
3,SmoothL1Loss,0.01,10,0.5,10,5.037634757387545,2.10836505869159,1.3998214048511104,1.4711369268244496
3,SmoothL1Loss,0.01,10,10,0.1,1.3483440402276423,1.1305187695167929,0.9367465443734085,0.9696669653252471
3,SmoothL1Loss,0.01,10,10,10,4.456173776996469,1.9998038795113322,1.4087804499243182,1.478781255647247
3,SmoothL1Loss,0.1,0.1,0.5,0.1,12.455573166489426,3.328148508793275,1.9031705896937097,2.0107691141727577
3,SmoothL1Loss,0.1,0.1,0.5,10,12.218195515822345,3.2932944728232543,1.9083122913648423,2.017187820308903
3,SmoothL1Loss,0.1,0.1,10,0.1,13.976260828533094,3.5221082702829283,2.0062352709326627,2.121675474917676
3,SmoothL1Loss,0.1,0.1,10,10,11.856834168147795,3.2464172878056,1.8687298468066806,1.9736566885518345
3,SmoothL1Loss,0.1,10,0.5,0.1,14.20025071444465,3.5421345393882127,2.371224762236109,2.509920368041469
3,SmoothL1Loss,0.1,10,0.5,10,16.35592132911181,3.8034440043927003,2.5022280730716524,2.6484648971608262
3,SmoothL1Loss,0.1,10,10,0.1,12.802898891814676,3.365550822119104,2.2774703155686478,2.4088937079083297
3,SmoothL1Loss,0.1,10,10,10,15.498404989802506,3.7023779748657812,2.4580257097911535,2.602146828663192
3,SmoothL1Loss,1,0.1,0.5,0.1,15.335754272127295,3.6924306383140624,2.0711305419111308,2.190485025815654
3,SmoothL1Loss,1,0.1,0.5,10,14.8968343867682,3.642443013450254,2.050767951143791,2.162402343568779
3,SmoothL1Loss,1,0.1,10,0.1,17.62136057742757,3.959363900889642,2.1722897650037103,2.2931876418949955
3,SmoothL1Loss,1,0.1,10,10,9.350163213331996,2.891194560166467,1.7583148223213025,1.8467510415314798
3,SmoothL1Loss,1,10,0.5,0.1,19.37407679998695,4.138530192436649,2.6739035687464408,2.830108639561239
3,SmoothL1Loss,1,10,0.5,10,24.44375972722067,4.651019461161269,2.9498176885653913,3.1252707357255067
3,SmoothL1Loss,1,10,10,0.1,27.117831167736703,4.901264985154147,3.1346823629781038,3.327578945332672
3,SmoothL1Loss,1,10,10,10,19.860984907549174,4.189125704406218,2.717958264483615,2.8790237760803192
3,SmoothL1Loss,10,0.1,0.5,0.1,0.05707578898412268,0.20262481591812828,0.17603489075662948,0.16689229024049998
3,SmoothL1Loss,10,0.1,0.5,10,0.8615425532999932,0.9208330886120192,0.8787280444759775,0.8907995523481825
3,SmoothL1Loss,10,0.1,10,0.1,0.05719908754367247,0.2054824758757266,0.17374996003396068,0.2038125915830901
3,SmoothL1Loss,10,0.1,10,10,0.08034043099561096,0.24459298558193152,0.21424041038582387,0.20282578951354263
3,SmoothL1Loss,10,10,0.5,0.1,0.221667997164157,0.42946159057733085,0.3614978437230302,0.4074698066559642
3,SmoothL1Loss,10,10,0.5,10,0.16903924225172245,0.37140362479868855,0.31608706822766747,0.35904049420867656
3,SmoothL1Loss,10,10,10,0.1,0.1359967097229167,0.329925518310464,0.2796095847502977,0.32023189576896605
3,SmoothL1Loss,10,10,10,10,0.07130304319721537,0.22921924183943376,0.19855829251781693,0.18792955768211558
3,MSE,0.001,0.1,0.5,0.1,0.9252206854366389,0.9421364355676729,0.6500014511389283,0.6954309436296221
3,MSE,0.001,0.1,0.5,10,0.20860285303627887,0.441605424095943,0.32656174303958485,0.3287257086947079
3,MSE,0.001,0.1,10,0.1,0.8787453703110218,0.8791059157067849,0.7241111548987943,0.7887483916152527
3,MSE,0.001,0.1,10,10,0.02826373797783451,0.14519986214887623,0.12151621036609775,0.13573202749542077
3,MSE,0.001,10,0.5,0.1,0.04432557346232594,0.18721937806496367,0.14939386446661926,0.17108404300198024
3,MSE,0.001,10,0.5,10,0.09876413356808382,0.28026896864835976,0.2271868928978675,0.26270905958988894
3,MSE,0.001,10,10,0.1,0.043383064748130924,0.1764726303048601,0.1489984011022091,0.17494590403637877
3,MSE,0.001,10,10,10,0.19387108346639054,0.38873968218049615,0.26443689355138367,0.29965251966584416
3,MSE,0.01,0.1,0.5,0.1,0.6104732124823099,0.7650863766614132,0.6978806358331696,0.6984635627195811
3,MSE,0.01,0.1,0.5,10,0.6490021048317615,0.7908769320434919,0.7254921941009056,0.7265591700175754
3,MSE,0.01,0.1,10,0.1,0.6842758518078876,0.8198788255072958,0.7364564955204841,0.7499444445744198
3,MSE,0.01,0.1,10,10,0.6894718656488855,0.8210324002898506,0.7435327325659868,0.750230328511892
3,MSE,0.01,10,0.5,0.1,0.13617132001104335,0.32957642646858154,0.29885164745680126,0.28871003483813024
3,MSE,0.01,10,0.5,10,0.02686532002898083,0.13710789442925536,0.11803256878328622,0.12115529225246956
3,MSE,0.01,10,10,0.1,0.6987274499399889,0.8232974312141629,0.7649851759678165,0.7655887056639816
3,MSE,0.01,10,10,10,0.3559821116514113,0.5831991323764888,0.4939029645532916,0.4942871174553134
3,MSE,0.1,0.1,0.5,0.1,11.810061842122375,3.2332644863585442,1.9880725383564808,2.1032855812450824
3,MSE,0.1,0.1,0.5,10,2.521189357983094,1.5181444426094566,1.1368196488786135,1.187470238806625
3,MSE,0.1,0.1,10,0.1,15.943147786895743,3.761698082442355,2.2025716784969274,2.3317919838532735
3,MSE,0.1,0.1,10,10,5.611779764674833,2.2406536391096274,1.4789445760960298,1.5564546182011014
3,MSE,0.1,10,0.5,0.1,11.784597825062315,3.2201106347333366,2.1400509096909635,2.2788800433819354
3,MSE,0.1,10,0.5,10,4.176483707515493,1.9335078389606848,1.337156678791184,1.4110607189606788
3,MSE,0.1,10,10,0.1,19.808368377702244,4.176579989014951,2.765419988241672,2.9434914923816806
3,MSE,0.1,10,10,10,43.99550219940679,6.24770001835747,3.3550512660706375,3.5735086497604756
3,MSE,1,0.1,0.5,0.1,0.19405531204414558,0.4025124865082852,0.35077998428978724,0.34184636056235373
3,MSE,1,0.1,0.5,10,0.1878848351159221,0.39399801858662054,0.348774289460768,0.3396753659658003
3,MSE,1,0.1,10,0.1,0.04077443400526436,0.1715552585997401,0.15054962914901868,0.17609696363541144
3,MSE,1,0.1,10,10,0.7686585882417192,0.866654012812116,0.8115514443844021,0.816073160635139
3,MSE,1,10,0.5,0.1,0.04881305047516528,0.18606600617598432,0.16191372109046914,0.15424482620153113
3,MSE,1,10,0.5,10,0.0371054234812502,0.162307005499104,0.13815559649211512,0.1618679118935611
3,MSE,1,10,10,0.1,0.09229538973294069,0.26425213263779984,0.23034787460401754,0.21874762277794568
3,MSE,1,10,10,10,0.05764325397316106,0.20638348250934066,0.17471462779598168,0.2047078838733262
3,MSE,10,0.1,0.5,0.1,1.2561540135657643,1.099469065403301,0.9734306016997303,1.0030826728166586
3,MSE,10,0.1,0.5,10,0.7502449583503351,0.8573262531298141,0.7950054004983743,0.8038686325708013
3,MSE,10,0.1,10,0.1,0.03022324473772071,0.14894192859535288,0.1278233443016537,0.14144428480362725
3,MSE,10,0.1,10,10,0.7634451735919834,0.8643654620424035,0.8061560044337307,0.8128843298082505
3,MSE,10,10,0.5,0.1,0.30489695234315817,0.5084565396455774,0.4268269827296696,0.4765149001730051
3,MSE,10,10,0.5,10,0.27677770786860395,0.48327437874011975,0.40383499141987844,0.45231443131493243
3,MSE,10,10,10,0.1,0.2834591088470705,0.4890684825474342,0.4169168674754395,0.46587794279735517
3,MSE,10,10,10,10,0.2720290001331354,0.4786212754238587,0.40548746669892555,0.4539477801747833
3,MAE,0.001,0.1,0.5,0.1,0.21417499030740866,0.4339259507229923,0.3946203176677542,0.43066179039877284
3,MAE,0.001,0.1,0.5,10,1704.9357753423753,10.288418747235909,4.4826292461391795,4.589095267316549
3,MAE,0.001,0.1,10,0.1,0.02936452091091143,0.14529907767929826,0.12230027398825764,0.1402474333501894
3,MAE,0.001,0.1,10,10,0.7830254013956461,0.8340698974199182,0.7806772909203802,0.8370754406657505
3,MAE,0.001,10,0.5,0.1,0.06573728800072662,0.2190802756657046,0.18964186402395858,0.1794480974791887
3,MAE,0.001,10,0.5,10,0.1838254175874854,0.4016145809957515,0.32338328103321984,0.3174663041169833
3,MAE,0.001,10,10,0.1,0.0817855682074852,0.25335874026773286,0.21479783499216856,0.2466333682259784
3,MAE,0.001,10,10,10,0.4095523826684718,0.6085059227599343,0.5552693538904548,0.5531134816939327
3,MAE,0.01,0.1,0.5,0.1,0.9444270692326556,0.9595002051095498,0.8766370662639801,0.8992664524569391
3,MAE,0.01,0.1,0.5,10,0.9459362397697627,0.9610241284747427,0.881478426155002,0.9036806545516491
3,MAE,0.01,0.1,10,0.1,0.9997202402880524,0.9867925217175313,0.901446117307147,0.9252476221365988
3,MAE,0.01,0.1,10,10,1.2987842836701067,1.117020334919625,0.9877236752442552,1.0180195194489399
3,MAE,0.01,10,0.5,0.1,0.7528552617825848,0.8599498505506821,0.792116679290223,0.8090250913830879
3,MAE,0.01,10,0.5,10,0.9549860355618198,0.9637672849406528,0.8808030138672669,0.9047858771881955
3,MAE,0.01,10,10,0.1,0.9124690781705236,0.9434919091047549,0.8667632858209766,0.8882604995479778
3,MAE,0.01,10,10,10,0.998522342759793,0.9873814454134636,0.9104842170786293,0.9334412826611314
3,MAE,0.1,0.1,0.5,0.1,11.963657185309273,3.2661470834460076,1.9048924919533445,2.006749827408462
3,MAE,0.1,0.1,0.5,10,11.942474826075802,3.26366972823901,1.9008642491451093,2.0022184668233995
3,MAE,0.1,0.1,10,0.1,12.65583622365097,3.3583981299541965,1.9383746997669533,2.042762602221316
3,MAE,0.1,0.1,10,10,11.941003413613227,3.2624520777883186,1.9002336912598277,2.0015201378321206
3,MAE,0.1,10,0.5,0.1,4.9232689016660425,2.100517891018503,1.480760998501835,1.5615744720496219
3,MAE,0.1,10,0.5,10,4.766005962629635,2.0677565576409997,1.4512400379645136,1.5303178370125623
3,MAE,0.1,10,10,0.1,5.294242230076775,2.1822066753268277,1.4002460849445004,1.4728927787522201
3,MAE,0.1,10,10,10,4.276159248755477,1.9716476963042164,1.3231472224663827,1.3815479829195636
3,MAE,1,0.1,0.5,0.1,23.594196931511537,4.5800758720269155,2.4199815338319706,2.5597868413750935
3,MAE,1,0.1,0.5,10,23.80023206135767,4.6014476504696145,2.415388075413925,2.5547214106017493
3,MAE,1,0.1,10,0.1,26.982816505827266,4.896709567265043,2.564636984251148,2.714775805237708
3,MAE,1,0.1,10,10,29.44965141281814,5.115485863204206,2.6353560613095803,2.791016180456436
3,MAE,1,10,0.5,0.1,1.735016064576618,1.2806172396179498,1.0533873974736587,1.0875834263191158
3,MAE,1,10,0.5,10,1.687532562054522,1.2638913433306351,1.0193133772197027,1.054110880435866
3,MAE,1,10,10,0.1,6.814723151531392,2.4580762000265373,1.7908957494870454,1.8911972336768608
3,MAE,1,10,10,10,1.8589047668644596,1.3224264204465286,1.0571787067737195,1.0932712530590216
3,MAE,10,0.1,0.5,0.1,0.16594701670350898,0.368400263098208,0.32092025677569636,0.31082453369820595
3,MAE,10,0.1,0.5,10,0.7863852597644407,0.874900166294821,0.8264805943836878,0.8298945458446007
3,MAE,10,0.1,10,0.1,23.979448761177583,4.6181262428038545,2.431633698148212,2.5720553297036908
3,MAE,10,0.1,10,10,33.8036377373436,5.482344581436712,2.7764672839477735,2.9419211628024997
3,MAE,10,10,0.5,0.1,1.3787076271091883,1.1503256859649402,1.013204617184207,1.0440982829102263
3,MAE,10,10,0.5,10,0.1547729365399269,0.3538589870356018,0.29986915066714753,0.3419783100994281
3,MAE,10,10,10,0.1,0.2702434500983969,0.48447879357306606,0.4228347739989882,0.4168201865811981
3,MAE,10,10,10,10,0.06695766360012195,0.2247920009135571,0.1876571189846389,0.21928197931852605
5,SmoothL1Loss,0.001,0.1,0.5,0.1,0.024468641214471287,0.13171390104571767,0.11295389394042428,0.12300355682440586
5,SmoothL1Loss,0.001,0.1,0.5,10,0.12377195554388208,0.31302817344191064,0.2698056291615169,0.2589899266877843
5,SmoothL1Loss,0.001,0.1,10,0.1,0.30810289079352027,0.520632378093966,0.4596902721466423,0.45485774410065805
5,SmoothL1Loss,0.001,0.1,10,10,0.3345541730901032,0.5365692204486954,0.47970208548624244,0.526432151533074
5,SmoothL1Loss,0.001,10,0.5,0.1,0.23132452183301633,0.44512035793590377,0.39056885452283757,0.38302174656835386
5,SmoothL1Loss,0.001,10,0.5,10,4.908841789390165,2.097040911375352,1.7906115834754384,1.8779363683680432
5,SmoothL1Loss,0.001,10,10,0.1,2303536.271623961,1091.6279634837952,352.6954274894396,350.9260753531278
5,SmoothL1Loss,0.001,10,10,10,0.03529446519100924,0.1569717688131261,0.1368791460390995,0.1337591469361867
5,SmoothL1Loss,0.01,0.1,0.5,0.1,0.747457513982816,0.856658574285224,0.7836028009872232,0.7967496308507229
5,SmoothL1Loss,0.01,0.1,0.5,10,1.3046602016345987,1.1139587162140265,0.9482662055919536,0.9794676108374871
5,SmoothL1Loss,0.01,0.1,10,0.1,0.7291767109112476,0.8458538046279969,0.7762584621698334,0.7865118770476043
5,SmoothL1Loss,0.01,0.1,10,10,1.398473730404343,1.149251028661442,0.9540560227874445,0.9884850855171512
5,SmoothL1Loss,0.01,10,0.5,0.1,3.0974659301136884,1.6771122846756248,1.1965769841226201,1.2505745595233253
5,SmoothL1Loss,0.01,10,0.5,10,1.2519991873727583,1.0879809292255163,0.9504751634814136,0.9887220026979848
5,SmoothL1Loss,0.01,10,10,0.1,4.689601552866713,2.0491172959980335,1.4881990240222396,1.562007127843265
5,SmoothL1Loss,0.01,10,10,10,1.699855843216872,1.2553347250494538,1.0240845897089061,1.0639045694206763
5,SmoothL1Loss,0.1,0.1,0.5,0.1,10.313961432439317,3.0310739283755215,1.7758892113756908,1.8743447368561938
5,SmoothL1Loss,0.1,0.1,0.5,10,12.007354251113311,3.2688249074220166,1.879460708114646,1.9855429837130971
5,SmoothL1Loss,0.1,0.1,10,0.1,12.271059083959042,3.304540867228106,1.9161323323556105,2.025326877246166
5,SmoothL1Loss,0.1,0.1,10,10,12.902241652404667,3.386145826744749,1.941582163314845,2.0535908009043755
5,SmoothL1Loss,0.1,10,0.5,0.1,16.793048512605615,3.855143576506989,2.50637233780896,2.6525280512788294
5,SmoothL1Loss,0.1,10,0.5,10,20.78311848070091,4.289017772100832,2.730560286564592,2.891885499015575
5,SmoothL1Loss,0.1,10,10,0.1,20.87140802807092,4.298138302751397,2.730003120175856,2.891057776125952
5,SmoothL1Loss,0.1,10,10,10,14.210097110599321,3.546228485064154,2.3564306658563314,2.49273912990541
5,SmoothL1Loss,1,0.1,0.5,0.1,15.933075624501598,3.765055318723322,2.0657981430668917,2.180090940058802
5,SmoothL1Loss,1,0.1,0.5,10,13.96749274157606,3.5256459414519283,1.9624959962026791,2.0708026134655784
5,SmoothL1Loss,1,0.1,10,0.1,13.823547704125565,3.508948030090916,2.000104993835495,2.107400291354641
5,SmoothL1Loss,1,0.1,10,10,11.697907273616613,3.229923154018108,1.8561500364891022,1.9550262683094446
5,SmoothL1Loss,1,10,0.5,0.1,67.75711170521276,7.749535567729211,4.540908484098467,4.836114296994596
5,SmoothL1Loss,1,10,0.5,10,3.3947940059308452,1.744815450538017,1.3858409527691438,1.4541251072172579
5,SmoothL1Loss,1,10,10,0.1,15.04169408131661,3.647031801581332,2.402300266776178,2.5395289683687756
5,SmoothL1Loss,1,10,10,10,34.010272844766725,5.4921088219425345,3.3224305915867416,3.5213929352112836
5,SmoothL1Loss,10,0.1,0.5,0.1,16.200300704899576,3.7967429669462547,2.0637589355179937,2.178468507404452
5,SmoothL1Loss,10,0.1,0.5,10,0.02667123273425444,0.1360303423014172,0.11734875779498913,0.12052271911173144
5,SmoothL1Loss,10,0.1,10,0.1,0.025363891573277772,0.13284153854848993,0.11442646952023854,0.11950067546821681
5,SmoothL1Loss,10,0.1,10,10,0.04014749072806417,0.16858421357137907,0.1438654204576024,0.1692040398848019
5,SmoothL1Loss,10,10,0.5,0.1,0.09849132218615517,0.2767220756708002,0.2350943446538993,0.2719947093944056
5,SmoothL1Loss,10,10,0.5,10,0.10884932752320688,0.2922737227602733,0.24896096242353158,0.28706506808348015
5,SmoothL1Loss,10,10,10,0.1,0.081165051129557,0.24852338649496494,0.2113058555069137,0.24605046456902308
5,SmoothL1Loss,10,10,10,10,26.48639719765803,4.84059613014601,3.0633033567935812,3.2486026989163297
5,MSE,0.001,0.1,0.5,0.1,9.548615789596422,3.044545975671906,1.7513980025454012,1.8674322180874332
5,MSE,0.001,0.1,0.5,10,0.5121975233295527,0.666198679157279,0.56631072084034,0.6229891179395606
5,MSE,0.001,0.1,10,0.1,0.0643370814242884,0.22851991776957079,0.19425290847969365,0.21952531376237763
5,MSE,0.001,0.1,10,10,4.417673486675635,2.058236078082423,1.1529670309193478,1.2317879533300526
5,MSE,0.001,10,0.5,0.1,0.2824304593853811,0.48862348591803534,0.40808697678651623,0.4568536689316167
5,MSE,0.001,10,0.5,10,5.084653494458473,2.2087240895853903,1.4363533531670445,1.5272205943999861
5,MSE,0.001,10,10,0.1,46.8797819560779,6.73570317429621,3.5622845901183697,3.8070436438681834
5,MSE,0.001,10,10,10,0.47626034054342736,0.6415372705956008,0.5422285534765977,0.5973991887275653
5,MSE,0.01,0.1,0.5,0.1,0.6646377371284329,0.8035366597970197,0.7301907637286265,0.7335586038212875
5,MSE,0.01,0.1,0.5,10,0.5716959939133892,0.7387156869888354,0.6668989125429642,0.6670128950242169
5,MSE,0.01,0.1,10,0.1,0.7343308871510673,0.8486530548813194,0.7780032955517376,0.7885426467895273
5,MSE,0.01,0.1,10,10,0.6388962890671329,0.7847515237340538,0.7176151430044995,0.7185252322043046
5,MSE,0.01,10,0.5,0.1,0.5497616509792276,0.7221047650880845,0.6571877711236004,0.6572985515027782
5,MSE,0.01,10,0.5,10,1.6103040423431196,1.2213169890896987,0.9803676108088869,1.0145747337035351
5,MSE,0.01,10,10,0.1,12547.8717296496,50.772699125845705,12.213468648820774,13.424614924180398
5,MSE,0.01,10,10,10,3.2367393458513174,1.7039931087626587,1.2745405072143579,1.3358755064752483
5,MSE,0.1,0.1,0.5,0.1,20.159752339881912,4.225540519393476,2.4655243438149443,2.614745183304357
5,MSE,0.1,0.1,0.5,10,2.1760030936710932,1.411859690617789,1.0928155143988056,1.1413577700277562
5,MSE,0.1,0.1,10,0.1,23.74677536077854,4.585048154342632,2.6098398186779326,2.7688634050983687
5,MSE,0.1,0.1,10,10,5.755714359505134,2.2671668181001876,1.5164664541425255,1.5964442224280773
5,MSE,0.1,10,0.5,0.1,21.845880611672897,4.402502271422289,2.3443342105979816,2.4896858845223373
5,MSE,0.1,10,0.5,10,30.879072834774185,5.235794460162638,2.750669712025856,2.9204607778943927
5,MSE,0.1,10,10,0.1,23.100360524193928,4.526353748591277,2.4399006114066846,2.587743656905477
5,MSE,0.1,10,10,10,18.18124668302516,4.017154140933228,2.3041783453246913,2.4382282000793785
5,MSE,1,0.1,0.5,0.1,0.2555972576122516,0.4688004492592047,0.412917567114095,0.4064797984215248
5,MSE,1,0.1,0.5,10,0.0351259657657389,0.15700313119305925,0.13530798156878338,0.13254162293734228
5,MSE,1,0.1,10,0.1,0.2291543885422273,0.4407457924707178,0.38913203219909964,0.38189010402351287
5,MSE,1,0.1,10,10,2.024023589631306,1.3906331800369056,1.144676156942659,1.1798687931911989
5,MSE,1,10,0.5,0.1,0.20856775717551956,0.41752502093481403,0.37000709258695946,0.36198268711830167
5,MSE,1,10,0.5,10,0.2543136806586961,0.46767244526291457,0.412206760744979,0.4056670586609679
5,MSE,1,10,10,0.1,0.14180038857145144,0.3365548155780903,0.29483869452157463,0.2838465899352432
5,MSE,1,10,10,10,442.21738181182195,19.929656469251082,18.510725379009212,19.421718556938515
5,MSE,10,0.1,0.5,0.1,0.8318105302529651,0.9040419139129968,0.8423914483681552,0.8580096860262693
5,MSE,10,0.1,0.5,10,0.7511756626139923,0.8578910868938332,0.7955095921312091,0.8041731591454503
5,MSE,10,0.1,10,0.1,1.008877967070609,0.990548415683073,0.8977934303765551,0.9220805475575214
5,MSE,10,0.1,10,10,0.6226656275320408,0.7717006275960083,0.7066182653305066,0.7079261659435125
5,MSE,10,10,0.5,0.1,0.27296865957567723,0.4796211496179699,0.40391598139023055,0.4523307140526811
5,MSE,10,10,0.5,10,0.26570344586124445,0.4728706908662347,0.3970704819547299,0.4451177498874234
5,MSE,10,10,10,0.1,0.23479850094313795,0.44268686728455037,0.3741699718801124,0.42091627438842305
5,MSE,10,10,10,10,0.2562598829479801,0.46370099583154656,0.3935714366495213,0.44138536459841327
5,MAE,0.001,0.1,0.5,0.1,18172291611.265945,110437.02212091503,24080.3692052847,25812.566041468286
5,MAE,0.001,0.1,0.5,10,0.1731674058062546,0.37755705622315505,0.3292090419727497,0.31964944627002273
5,MAE,0.001,0.1,10,0.1,0.03926257718077279,0.16693017897397905,0.1407451636229587,0.1353035241877287
5,MAE,0.001,0.1,10,10,0.11287812370975751,0.2961187749514306,0.2584707341730198,0.2468274215545296
5,MAE,0.001,10,0.5,0.1,0.03858057110614176,0.1704044272096698,0.14358008815243806,0.1659151912256486
5,MAE,0.001,10,0.5,10,0.08000682675364976,0.24471279574069674,0.21012372073641813,0.1992166102131604
5,MAE,0.001,10,10,0.1,0.02433212037081779,0.13090877467025935,0.11228467509273257,0.11947411669437477
5,MAE,0.001,10,10,10,0.2046959227127792,0.41465090768761304,0.3647178469138186,0.35642604486353896
5,MAE,0.01,0.1,0.5,0.1,0.9260114844145458,0.9511844122601735,0.8731514104241924,0.8947592382392534
5,MAE,0.01,0.1,0.5,10,0.9149614802458952,0.9456229524930102,0.8683529608806185,0.889614741908064
5,MAE,0.01,0.1,10,0.1,8.365028129789945,2.743804457022947,1.5720813647588234,1.648879007416268
5,MAE,0.01,0.1,10,10,0.956914068797035,0.9654050481717223,0.8810381407851525,0.9040828770705482
5,MAE,0.01,10,0.5,0.1,1.049846040168754,1.0105744014015203,0.9229165913880931,0.9476346254036924
5,MAE,0.01,10,0.5,10,1.161914995382514,1.0630598878008204,0.971407387275293,0.9971489169558562
5,MAE,0.01,10,10,0.1,0.8815343072873147,0.9292832797904143,0.8611348873935404,0.8803939128925513
5,MAE,0.01,10,10,10,1.3734279429502196,1.1450864213462593,1.0015921274115576,1.0340535052027033
5,MAE,0.1,0.1,0.5,0.1,11.705291619061192,3.2321168361022496,1.8898696077324468,1.9903751877036542
5,MAE,0.1,0.1,0.5,10,12.050402230823364,3.277982394512219,1.9034417341825358,2.005160686823102
5,MAE,0.1,0.1,10,0.1,12.874159787764775,3.3872655464613324,1.952082694169019,2.057507005511735
